global_step,iteration,episode_return,episode_length,max_angle,safety_violations,mean_u_cbf,max_u_cbf
300,1,-105.9414,300,7.314,0,13.533511,17.953
600,1,-361.847,300,71.759,107,5.26057,17.2742
900,1,-246.1249,300,53.46,0,3.676987,17.4176
1200,1,-277.2768,300,57.45,8,3.958038,16.9179
1500,1,-215.2445,300,50.503,0,3.507145,17.2887
1800,1,-285.392,300,58.017,12,4.05181,16.7808
2100,1,-285.2839,300,57.845,11,3.975511,17.5578
2400,1,-217.043,300,49.87,0,3.498518,16.3505
2700,1,-287.2397,300,57.954,17,3.900662,17.6768
3000,1,-285.1435,300,57.908,14,3.901728,18.2948
3300,2,-179.174,300,49.812,0,1.215204,12.302
3600,2,-264.6229,300,56.062,0,0.467446,11.2373
3900,2,-176.6314,300,55.581,0,0.178882,8.5206
4200,2,-215.2319,300,49.956,0,1.539374,13.3138
4500,2,-211.0826,300,49.754,0,1.411462,13.1782
4800,2,-212.3435,300,49.908,0,1.552482,13.1077
5100,2,-262.8101,300,56.209,0,0.512263,10.3503
5400,2,-90.1308,300,49.796,0,0.556731,12.8292
5700,2,-213.3523,300,50.184,0,1.542881,13.3256
6000,2,-208.6478,300,55.659,0,0.259051,10.4067
6300,3,-195.3729,300,52.367,0,0.123916,7.305
6600,3,-66.9847,300,37.512,0,0.0,0.0
6900,3,-152.2099,300,52.263,0,0.188291,9.3488
7200,3,-135.9564,300,52.237,0,0.093952,8.6519
7500,3,-227.6085,300,52.624,0,0.217729,10.1219
7800,3,-253.8517,300,55.727,0,0.164829,10.7252
8100,3,-144.6816,300,52.224,0,0.07911,10.6182
8400,3,-219.128,300,52.376,0,0.235245,9.8324
8700,3,-251.9538,300,56.001,0,0.154986,9.1461
9000,3,-231.1322,300,52.546,0,0.233609,9.829
9300,4,-254.0355,300,55.088,0,0.064006,8.9053
9600,4,-245.7503,300,54.903,0,0.064479,8.7442
9900,4,-99.4653,300,53.084,0,0.0,0.0
10200,4,-74.3655,300,49.377,0,0.0,0.0
10500,4,-116.6899,300,54.315,0,0.020109,6.0327
10800,4,-141.3444,300,53.896,0,0.024668,7.4005
11100,4,-204.9326,300,54.338,0,0.062507,9.0986
11400,4,-60.9393,300,39.328,0,0.0,0.0
11700,4,-216.4568,300,53.585,0,0.047799,6.9991
12000,4,-195.0757,300,54.074,0,0.099693,8.0862
12300,5,-209.1454,300,52.505,0,0.0,0.0
12600,5,-180.7694,300,54.603,0,0.003753,0.9497
12900,5,-141.5761,300,48.25,0,0.0,0.0
13200,5,-175.486,300,53.048,0,0.02037,6.111
13500,5,-234.8858,300,54.222,0,0.0,0.0
13800,5,-89.2933,300,52.683,0,0.0,0.0
14100,5,-206.8017,300,52.703,0,0.0,0.0
14400,5,-214.618,300,52.838,0,0.0,0.0
14700,5,-71.9716,300,44.161,0,0.0,0.0
15000,5,-212.2899,300,53.054,0,0.0,0.0
15300,6,-228.5374,300,55.264,0,0.033057,9.917
15600,6,-233.1316,300,52.41,0,0.052048,6.6806
15900,6,-207.9356,300,54.31,0,0.0,0.0
16200,6,-166.4369,300,51.945,0,0.020537,3.2379
16500,6,-179.999,300,52.414,0,0.075019,5.6574
16800,6,-132.3785,300,52.061,0,0.008204,2.4612
17100,6,-236.2925,300,53.002,0,0.06279,8.5641
17400,6,-155.7731,300,52.592,0,0.023038,3.0292
17700,6,-202.2499,300,53.008,0,0.080384,6.8623
18000,6,-220.9756,300,53.141,0,0.058684,8.5168
18300,7,-82.189,300,47.574,0,0.0,0.0
18600,7,-210.5128,300,51.314,0,0.108998,7.947
18900,7,-205.6843,300,49.394,0,0.070811,7.1022
19200,7,-161.8164,300,49.047,0,0.02256,4.2699
19500,7,-202.1366,300,49.709,0,0.0814,6.3444
19800,7,-200.9198,300,49.809,0,0.110113,8.5636
20100,7,-207.517,300,55.782,0,0.047789,8.8284
20400,7,-200.994,300,49.414,0,0.079543,7.5769
20700,7,-67.881,300,41.697,0,0.0,0.0
21000,7,-194.1246,300,49.857,0,0.089323,7.7035
21300,8,-87.0428,300,49.512,0,0.0,0.0
21600,8,-154.0221,300,50.509,0,0.0,0.0
21900,8,-109.1163,300,51.462,0,0.053774,9.7687
22200,8,-64.7489,300,46.045,0,0.0,0.0
22500,8,-190.9465,300,51.508,0,0.0,0.0
22800,8,-80.4556,300,46.486,0,0.0,0.0
23100,8,-69.1074,300,45.938,0,0.0,0.0
23400,8,-206.4993,300,50.914,0,0.0,0.0
23700,8,-212.3261,300,49.995,0,0.0,0.0
24000,8,-186.0727,300,49.556,0,0.0,0.0
24300,9,-207.8895,300,50.738,0,0.01835,5.505
24600,9,-203.4641,300,50.157,0,0.01344,4.032
24900,9,-169.2277,300,46.522,0,0.0,0.0
25200,9,-145.5417,300,47.076,0,0.0,0.0
25500,9,-84.7994,300,45.28,0,0.0,0.0
25800,9,-38.6512,300,35.29,0,0.0,0.0
26100,9,-191.9624,300,50.657,0,0.034737,5.6833
26400,9,-205.3717,300,51.785,0,0.029356,5.3664
26700,9,-92.0255,300,44.982,0,0.0,0.0
27000,9,-104.7126,300,47.693,0,0.0,0.0
27300,10,-105.746,300,44.471,0,0.0,0.0
27600,10,-165.7039,300,48.986,0,0.0,0.0
27900,10,-180.0606,300,47.276,0,0.0,0.0
28200,10,-72.5909,300,43.3,0,0.0,0.0
28500,10,-86.7119,300,47.697,0,0.019001,4.354
28800,10,-112.5921,300,45.043,0,0.0,0.0
29100,10,-210.535,300,53.509,0,0.0,0.0
29400,10,-207.2138,300,54.862,0,0.020273,6.0818
29700,10,-87.7516,300,53.904,0,0.043056,12.9167
30000,10,-49.779,300,41.685,0,0.0,0.0
30300,11,-107.9204,300,44.457,0,0.0,0.0
30600,11,-51.5574,300,39.342,0,0.0,0.0
30900,11,-78.8598,300,41.997,0,0.0,0.0
31200,11,-69.6873,300,42.154,0,0.0,0.0
31500,11,-110.9084,300,42.868,0,0.0,0.0
31800,11,-36.5334,300,38.378,0,0.0,0.0
32100,11,-141.0607,300,43.387,0,0.0,0.0
32400,11,-67.5694,300,47.431,0,0.021433,6.4299
32700,11,-192.8801,300,52.056,0,0.0,0.0
33000,11,-42.987,300,37.277,0,0.0,0.0
33300,12,-145.0513,300,44.431,0,0.0,0.0
33600,12,-140.2158,300,44.119,0,0.0,0.0
33900,12,-151.8668,300,44.541,0,0.0,0.0
34200,12,-70.5446,300,54.679,0,0.023293,6.9878
34500,12,-139.4532,300,44.198,0,0.0,0.0
34800,12,-190.4011,300,56.432,0,0.0,0.0
35100,12,-124.6125,300,43.815,0,0.0,0.0
35400,12,-125.1638,300,44.206,0,0.0,0.0
35700,12,-51.2636,300,42.042,0,0.0,0.0
36000,12,-46.7815,300,35.28,0,0.0,0.0
36300,13,-42.8223,300,43.801,0,0.0,0.0
36600,13,-103.2312,300,40.815,0,0.0,0.0
36900,13,-160.9935,300,44.342,0,0.0,0.0
37200,13,-146.6142,300,42.641,0,0.0,0.0
37500,13,-142.5063,300,42.815,0,0.0,0.0
37800,13,-29.281,300,32.103,0,0.0,0.0
38100,13,-66.2249,300,40.426,0,0.0,0.0
38400,13,-106.7151,300,43.588,0,0.0,0.0
38700,13,-132.4733,300,43.461,0,0.0,0.0
39000,13,-169.6232,300,57.163,1,0.033293,6.3084
39300,14,-32.145,300,38.207,0,0.0,0.0
39600,14,-119.9795,300,40.096,0,0.0,0.0
39900,14,-58.2356,300,37.789,0,0.0,0.0
40200,14,-158.4686,300,46.857,0,0.0,0.0
40500,14,-142.3761,300,47.693,0,0.0,0.0
40800,14,-115.051,300,39.626,0,0.0,0.0
41100,14,-96.622,300,39.247,0,0.0,0.0
41400,14,-32.2985,300,28.711,0,0.0,0.0
41700,14,-53.6981,300,46.252,0,0.0,0.0
42000,14,-44.0257,300,34.695,0,0.0,0.0
42300,15,-41.5785,300,35.091,0,0.0,0.0
42600,15,-118.0443,300,39.616,0,0.0,0.0
42900,15,-134.4012,300,40.616,0,0.0,0.0
43200,15,-78.0387,300,40.445,0,0.0,0.0
43500,15,-37.4341,300,41.947,0,0.0,0.0
43800,15,-146.4697,300,46.977,0,0.0,0.0
44100,15,-87.6826,300,37.573,0,0.0,0.0
44400,15,-27.2,300,34.232,0,0.0,0.0
44700,15,-48.2151,300,46.338,0,0.0,0.0
45000,15,-88.5566,300,39.306,0,0.0,0.0
45300,16,-98.6626,300,39.031,0,0.0,0.0
45600,16,-134.3188,300,49.068,0,0.0,0.0
45900,16,-31.8428,300,29.666,0,0.0,0.0
46200,16,-61.0606,300,37.726,0,0.0,0.0
46500,16,-32.4038,300,31.157,0,0.0,0.0
46800,16,-35.1948,300,37.681,0,0.0,0.0
47100,16,-39.1834,300,42.992,0,0.0,0.0
47400,16,-82.2537,300,36.662,0,0.0,0.0
47700,16,-130.3285,300,49.201,0,0.0,0.0
48000,16,-21.8673,300,27.881,0,0.0,0.0
48300,17,-74.2358,300,35.344,0,0.0,0.0
48600,17,-38.7639,300,43.952,0,0.0,0.0
48900,17,-112.3617,300,37.45,0,0.0,0.0
49200,17,-134.2002,300,49.955,0,0.0,0.0
49500,17,-123.7257,300,55.917,0,0.017057,5.117
49800,17,-47.2449,300,32.596,0,0.0,0.0
50100,17,-29.8965,300,31.535,0,0.0,0.0
50400,17,-96.3346,300,36.403,0,0.0,0.0
50700,17,-24.3279,300,24.676,0,0.0,0.0
51000,17,-31.2289,300,39.512,0,0.0,0.0
51300,18,-16.6849,300,23.475,0,0.0,0.0
51600,18,-61.1313,300,32.185,0,0.0,0.0
51900,18,-60.1803,300,56.134,0,0.065865,16.0117
52200,18,-57.4415,300,31.661,0,0.0,0.0
52500,18,-17.357,300,23.879,0,0.0,0.0
52800,18,-19.6729,300,26.137,0,0.0,0.0
53100,18,-112.9407,300,46.16,0,0.0,0.0
53400,18,-64.0928,300,48.887,0,0.0,0.0
53700,18,-82.3672,300,32.794,0,0.0,0.0
54000,18,-73.3805,300,31.728,0,0.0,0.0
54300,19,-56.941,300,33.148,0,0.0,0.0
54600,19,-27.7303,300,27.831,0,0.0,0.0
54900,19,-39.358,300,32.182,0,0.0,0.0
55200,19,-103.2021,300,36.216,0,0.0,0.0
55500,19,-125.8984,300,44.67,0,0.0,0.0
55800,19,-39.4821,300,42.923,0,0.0,0.0
56100,19,-42.8371,300,30.558,0,0.0,0.0
56400,19,-24.2126,300,28.503,0,0.0,0.0
56700,19,-65.2004,300,33.315,0,0.0,0.0
57000,19,-21.3995,300,28.151,0,0.0,0.0
57300,20,-78.1632,300,32.631,0,0.0,0.0
57600,20,-19.0568,300,24.264,0,0.0,0.0
57900,20,-31.7396,300,38.895,0,0.0,0.0
58200,20,-62.6388,300,29.363,0,0.0,0.0
58500,20,-10.6548,300,22.876,0,0.0,0.0
58800,20,-34.6286,300,25.9,0,0.0,0.0
59100,20,-111.3451,300,56.789,0,0.014761,4.4284
59400,20,-15.2674,300,23.719,0,0.0,0.0
59700,20,-39.7346,300,28.953,0,0.0,0.0
60000,20,-20.5976,300,24.444,0,0.0,0.0
60300,21,-18.3576,300,22.488,0,0.0,0.0
60600,21,-49.0362,300,50.08,0,0.0,0.0
60900,21,-55.0399,300,51.67,0,0.0,0.0
61200,21,-34.9919,300,30.258,0,0.0,0.0
61500,21,-23.5726,300,26.902,0,0.0,0.0
61800,21,-49.6068,300,32.973,0,0.0,0.0
62100,21,-56.4421,300,31.384,0,0.0,0.0
62400,21,-24.7949,300,25.501,0,0.0,0.0
62700,21,-83.58,300,32.093,0,0.0,0.0
63000,21,-84.519,300,33.957,0,0.0,0.0
63300,22,-125.2035,300,53.304,0,0.0,0.0
63600,22,-118.7414,300,52.967,0,0.0,0.0
63900,22,-21.0888,300,34.392,0,0.0,0.0
64200,22,-49.623,300,51.108,0,0.0,0.0
64500,22,-122.7123,300,44.253,0,0.0,0.0
64800,22,-85.1847,300,34.974,0,0.0,0.0
65100,22,-114.7311,300,51.404,0,0.0,0.0
65400,22,-47.3688,300,52.58,0,0.0,0.0
65700,22,-118.0069,300,51.155,0,0.0,0.0
66000,22,-41.5841,300,33.402,0,0.0,0.0
66300,23,-23.4951,300,30.713,0,0.0,0.0
66600,23,-22.1257,300,29.373,0,0.0,0.0
66900,23,-44.9298,300,56.762,0,0.030687,9.2062
67200,23,-62.824,300,31.517,0,0.0,0.0
67500,23,-18.6772,300,25.621,0,0.0,0.0
67800,23,-43.4784,300,49.308,0,0.0,0.0
68100,23,-32.1771,300,27.374,0,0.0,0.0
68400,23,-116.926,300,55.369,0,0.0035,1.0501
68700,23,-94.1757,300,40.633,0,0.0,0.0
69000,23,-48.4366,300,54.452,0,0.0,0.0
69300,24,-15.5619,300,27.564,0,0.0,0.0
69600,24,-83.6465,300,35.045,0,0.0,0.0
69900,24,-104.507,300,53.485,0,0.0,0.0
70200,24,-65.7962,300,38.732,0,0.0,0.0
70500,24,-10.0232,300,19.914,0,0.0,0.0
70800,24,-35.5366,300,25.004,0,0.0,0.0
71100,24,-108.2524,300,51.123,0,0.0,0.0
71400,24,-43.761,300,27.724,0,0.0,0.0
71700,24,-44.4325,300,53.176,0,0.023585,7.0754
72000,24,-42.0908,300,24.754,0,0.0,0.0
72300,25,-52.0057,300,28.253,0,0.0,0.0
72600,25,-5.8868,300,15.931,0,0.0,0.0
72900,25,-18.8196,300,21.778,0,0.0,0.0
73200,25,-41.0131,300,52.923,0,0.007294,2.1881
73500,25,-18.6779,300,34.994,0,0.0,0.0
73800,25,-5.8857,300,11.701,0,0.0,0.0
74100,25,-66.825,300,35.53,0,0.0,0.0
74400,25,-55.0405,300,34.139,0,0.0,0.0
74700,25,-12.9293,300,18.576,0,0.0,0.0
75000,25,-60.8063,300,32.514,0,0.0,0.0
75300,26,-25.5258,300,20.315,0,0.0,0.0
75600,26,-8.3448,300,24.559,0,0.0,0.0
75900,26,-22.757,300,38.616,0,0.0,0.0
76200,26,-4.9742,300,13.336,0,0.0,0.0
76500,26,-9.5916,300,26.024,0,0.0,0.0
76800,26,-32.582,300,44.608,0,0.0,0.0
77100,26,-43.9738,300,26.606,0,0.0,0.0
77400,26,-39.8812,300,24.197,0,0.0,0.0
77700,26,-82.2447,300,55.607,0,0.014382,4.3145
78000,26,-16.0612,300,29.005,0,0.0,0.0
78300,27,-38.6282,300,26.538,0,0.0,0.0
78600,27,-63.2104,300,44.99,0,0.0,0.0
78900,27,-75.9239,300,47.642,0,0.0,0.0
79200,27,-15.247,300,31.252,0,0.0,0.0
79500,27,-5.2138,300,12.248,0,0.0,0.0
79800,27,-78.8501,300,54.165,0,0.0,0.0
80100,27,-17.0877,300,36.434,0,0.0,0.0
80400,27,-35.9183,300,24.13,0,0.0,0.0
80700,27,-41.2159,300,34.199,0,0.0,0.0
81000,27,-24.5139,300,23.103,0,0.0,0.0
81300,28,-12.2329,300,16.767,0,0.0,0.0
81600,28,-22.157,300,37.815,0,0.0,0.0
81900,28,-27.4668,300,47.564,0,0.01616,4.8481
82200,28,-3.0848,300,7.193,0,0.0,0.0
82500,28,-31.5241,300,38.005,0,0.0,0.0
82800,28,-19.1795,300,39.164,0,0.0,0.0
83100,28,-23.4617,300,21.12,0,0.0,0.0
83400,28,-56.8111,300,45.339,0,0.0,0.0
83700,28,-21.619,300,35.926,0,0.0,0.0
84000,28,-27.3313,300,23.917,0,0.0,0.0
84300,29,-12.6806,300,28.779,0,0.0,0.0
84600,29,-3.3838,300,13.121,0,0.0,0.0
84900,29,-5.3525,300,16.754,0,0.0,0.0
85200,29,-41.4066,300,45.337,0,0.0,0.0
85500,29,-21.4439,300,33.709,0,0.0,0.0
85800,29,-19.1434,300,24.936,0,0.0,0.0
86100,29,-3.0884,300,10.599,0,0.0,0.0
86400,29,-9.0349,300,15.104,0,0.0,0.0
86700,29,-38.388,300,36.584,0,0.0,0.0
87000,29,-17.3282,300,36.83,0,0.0,0.0
87300,30,-24.8345,300,27.103,0,0.0,0.0
87600,30,-4.1688,300,10.019,0,0.0,0.0
87900,30,-27.1896,300,30.57,0,0.0,0.0
88200,30,-19.9206,300,39.405,0,0.0,0.0
88500,30,-13.7421,300,27.664,0,0.0,0.0
88800,30,-45.9105,300,43.968,0,0.0,0.0
89100,30,-13.1636,300,26.224,0,0.0,0.0
89400,30,-7.3655,300,20.766,0,0.0,0.0
89700,30,-7.1847,300,21.206,0,0.0,0.0
90000,30,-2.447,300,7.233,0,0.0,0.0
90300,31,-40.4181,300,28.021,0,0.0,0.0
90600,31,-12.0037,300,26.039,0,0.0,0.0
90900,31,-4.5732,300,9.665,0,0.0,0.0
91200,31,-2.4836,300,6.791,0,0.0,0.0
91500,31,-42.5645,300,27.417,0,0.0,0.0
91800,31,-37.2379,300,53.379,0,0.0,0.0
92100,31,-7.0929,300,19.79,0,0.0,0.0
92400,31,-44.6264,300,41.125,0,0.0,0.0
92700,31,-40.0214,300,56.876,0,0.024514,7.3542
93000,31,-41.6994,300,32.987,0,0.0,0.0
93300,32,-64.0827,300,51.215,0,0.0,0.0
93600,32,-4.339,300,13.388,0,0.0,0.0
93900,32,-32.4564,300,46.072,0,0.0,0.0
94200,32,-9.2432,300,18.656,0,0.0,0.0
94500,32,-2.5127,300,6.714,0,0.0,0.0
94800,32,-10.1525,300,17.532,0,0.0,0.0
95100,32,-5.3166,300,11.231,0,0.0,0.0
95400,32,-6.1938,300,17.236,0,0.0,0.0
95700,32,-38.0127,300,39.653,0,0.0,0.0
96000,32,-29.0206,300,40.178,0,0.0,0.0
96300,33,-15.61,300,27.784,0,0.0,0.0
96600,33,-4.5012,300,9.715,0,0.0,0.0
96900,33,-14.2645,300,17.147,0,0.0,0.0
97200,33,-67.3583,300,55.581,0,0.0,0.0
97500,33,-8.7543,300,12.883,0,0.0,0.0
97800,33,-22.3937,300,37.057,0,0.0,0.0
98100,33,-5.1101,300,17.14,0,0.0,0.0
98400,33,-11.6699,300,14.754,0,0.0,0.0
98700,33,-13.3302,300,27.477,0,0.0,0.0
99000,33,-1.8698,300,5.588,0,0.0,0.0
99300,34,-17.9115,300,31.509,0,0.0,0.0
99600,34,-8.41,300,13.536,0,0.0,0.0
99900,34,-2.6221,300,6.582,0,0.0,0.0
100200,34,-2.1725,300,6.127,0,0.0,0.0
100500,34,-8.4935,300,17.829,0,0.0,0.0
100800,34,-5.4621,300,13.223,0,0.0,0.0
101100,34,-25.2325,300,24.637,0,0.0,0.0
101400,34,-30.4831,300,34.421,0,0.0,0.0
101700,34,-32.3128,300,43.266,0,0.0,0.0
102000,34,-5.1596,300,16.814,0,0.0,0.0
102300,35,-28.7229,300,40.838,0,0.0,0.0
102600,35,-16.0935,300,31.318,0,0.0,0.0
102900,35,-1.9051,300,6.326,0,0.0,0.0
103200,35,-8.3985,300,22.634,0,0.0,0.0
103500,35,-2.4018,300,6.268,0,0.0,0.0
103800,35,-31.4603,300,46.98,0,0.0,0.0
104100,35,-1.5706,300,3.558,0,0.0,0.0
104400,35,-1.7644,300,6.261,0,0.0,0.0
104700,35,-22.0368,300,31.618,0,0.0,0.0
105000,35,-44.9122,300,53.296,0,0.022737,6.8211
105300,36,-15.121,300,20.864,0,0.0,0.0
105600,36,-33.8474,300,42.957,0,0.0,0.0
105900,36,-3.1384,300,8.947,0,0.0,0.0
106200,36,-10.9,300,14.038,0,0.0,0.0
106500,36,-1.8021,300,4.734,0,0.0,0.0
106800,36,-21.4867,300,32.504,0,0.0,0.0
107100,36,-12.5924,300,16.472,0,0.0,0.0
107400,36,-35.5718,300,48.879,0,0.0,0.0
107700,36,-3.8006,300,16.057,0,0.0,0.0
108000,36,-2.691,300,7.943,0,0.0,0.0
108300,37,-8.2579,300,19.433,0,0.0,0.0
108600,37,-29.8524,300,53.036,0,0.011432,3.4296
108900,37,-12.5133,300,28.867,0,0.0,0.0
109200,37,-3.9925,300,12.575,0,0.0,0.0
109500,37,-30.1695,300,43.582,0,0.0,0.0
109800,37,-10.4911,300,21.848,0,0.0,0.0
110100,37,-6.1735,300,11.304,0,0.0,0.0
110400,37,-30.7733,300,49.362,0,0.0,0.0
110700,37,-17.3609,300,32.133,0,0.0,0.0
111000,37,-3.6633,300,9.432,0,0.0,0.0
111300,38,-10.2619,300,22.62,0,0.0,0.0
111600,38,-6.111,300,9.44,0,0.0,0.0
111900,38,-17.4271,300,32.868,0,0.0,0.0
112200,38,-6.5884,300,20.611,0,0.0,0.0
112500,38,-22.1631,300,38.259,0,0.0,0.0
112800,38,-21.6826,300,35.19,0,0.0,0.0
113100,38,-34.6623,300,55.337,0,0.0,0.0
113400,38,-11.1607,300,23.998,0,0.0,0.0
113700,38,-5.1891,300,11.062,0,0.0,0.0
114000,38,-13.1127,300,29.354,0,0.0,0.0
114300,39,-6.6397,300,18.671,0,0.0,0.0
114600,39,-10.6272,300,26.522,0,0.0,0.0
114900,39,-6.4891,300,16.014,0,0.0,0.0
115200,39,-20.3274,300,45.41,0,0.0,0.0
115500,39,-24.4577,300,43.332,0,0.0,0.0
115800,39,-4.9224,300,18.245,0,0.0,0.0
116100,39,-3.6219,300,15.235,0,0.0,0.0
116400,39,-2.7554,300,6.804,0,0.0,0.0
116700,39,-20.5212,300,41.463,0,0.0,0.0
117000,39,-13.8833,300,37.215,0,0.0,0.0
117300,40,-1.8043,300,9.093,0,0.0,0.0
117600,40,-6.2942,300,17.824,0,0.0,0.0
117900,40,-17.6793,300,33.511,0,0.0,0.0
118200,40,-4.0526,300,8.7,0,0.0,0.0
118500,40,-8.5618,300,23.91,0,0.0,0.0
118800,40,-9.6203,300,28.896,0,0.0,0.0
119100,40,-19.1022,300,41.283,0,0.0,0.0
119400,40,-14.4696,300,31.408,0,0.0,0.0
119700,40,-7.6191,300,19.98,0,0.0,0.0
120000,40,-23.5149,300,50.048,0,0.0,0.0
120300,41,-2.4722,300,10.873,0,0.0,0.0
120600,41,-1.4436,300,5.119,0,0.0,0.0
120900,41,-3.2593,300,12.801,0,0.0,0.0
121200,41,-22.1818,300,43.771,0,0.0,0.0
121500,41,-5.7296,300,18.784,0,0.0,0.0
121800,41,-21.9532,300,43.685,0,0.0,0.0
122100,41,-8.0311,300,24.027,0,0.0,0.0
122400,41,-29.6535,300,50.533,0,0.0,0.0
122700,41,-17.0465,300,36.665,0,0.0,0.0
123000,41,-13.886,300,36.176,0,0.0,0.0
123300,42,-21.5843,300,42.627,0,0.0,0.0
123600,42,-20.2069,300,42.667,0,0.0,0.0
123900,42,-5.0036,300,16.45,0,0.0,0.0
124200,42,-14.898,300,29.691,0,0.0,0.0
124500,42,-2.0762,300,6.956,0,0.0,0.0
124800,42,-2.8617,300,8.449,0,0.0,0.0
125100,42,-31.02,300,56.193,0,0.011774,3.5323
125400,42,-2.5629,300,6.89,0,0.0,0.0
125700,42,-27.9201,300,53.495,0,0.003922,1.1766
126000,42,-28.6144,300,51.731,0,0.01067,3.201
126300,43,-4.4894,300,12.562,0,0.0,0.0
126600,43,-30.5089,300,46.722,0,0.0,0.0
126900,43,-28.7547,300,46.702,0,0.0,0.0
127200,43,-22.06,300,37.467,0,0.0,0.0
127500,43,-11.1329,300,24.508,0,0.0,0.0
127800,43,-37.5651,300,56.748,0,0.01333,3.9991
128100,43,-7.6408,300,16.637,0,0.0,0.0
128400,43,-2.2299,300,7.886,0,0.0,0.0
128700,43,-23.5839,300,34.903,0,0.0,0.0
129000,43,-27.4527,300,48.857,0,0.0,0.0
129300,44,-33.4298,300,42.123,0,0.0,0.0
129600,44,-23.673,300,43.234,0,0.0,0.0
129900,44,-2.5706,300,7.54,0,0.0,0.0
130200,44,-9.3038,300,24.936,0,0.0,0.0
130500,44,-4.3973,300,12.506,0,0.0,0.0
130800,44,-2.4485,300,6.379,0,0.0,0.0
131100,44,-14.4892,300,34.46,0,0.0,0.0
131400,44,-8.6456,300,24.585,0,0.0,0.0
131700,44,-1.8231,300,6.029,0,0.0,0.0
132000,44,-30.3038,300,47.594,0,0.0,0.0
132300,45,-5.8527,300,20.633,0,0.0,0.0
132600,45,-6.3411,300,16.916,0,0.0,0.0
132900,45,-19.6173,300,25.293,0,0.0,0.0
133200,45,-20.819,300,44.895,0,0.0,0.0
133500,45,-18.9151,300,42.061,0,0.0,0.0
133800,45,-7.5944,300,13.158,0,0.0,0.0
134100,45,-9.7434,300,23.738,0,0.0,0.0
134400,45,-9.8886,300,14.33,0,0.0,0.0
134700,45,-14.2994,300,34.216,0,0.0,0.0
135000,45,-9.6227,300,26.372,0,0.0,0.0
135300,46,-13.8404,300,28.168,0,0.0,0.0
135600,46,-35.2108,300,55.39,0,0.003896,1.1688
135900,46,-30.2129,300,55.805,0,0.016098,4.8295
136200,46,-7.2281,300,17.722,0,0.0,0.0
136500,46,-8.6231,300,14.269,0,0.0,0.0
136800,46,-10.1499,300,23.103,0,0.0,0.0
137100,46,-12.9227,300,27.295,0,0.0,0.0
137400,46,-24.627,300,35.68,0,0.0,0.0
137700,46,-20.6492,300,44.566,0,0.0,0.0
138000,46,-12.2888,300,36.451,0,0.0,0.0
138300,47,-3.1719,300,10.613,0,0.0,0.0
138600,47,-1.6218,300,4.381,0,0.0,0.0
138900,47,-12.5199,300,34.059,0,0.0,0.0
139200,47,-18.7877,300,37.893,0,0.0,0.0
139500,47,-2.5808,300,6.621,0,0.0,0.0
139800,47,-14.6931,300,26.845,0,0.0,0.0
140100,47,-6.2522,300,19.971,0,0.0,0.0
140400,47,-9.716,300,26.147,0,0.0,0.0
140700,47,-2.2112,300,10.013,0,0.0,0.0
141000,47,-17.5852,300,42.882,0,0.0,0.0
141300,48,-10.383,300,23.241,0,0.0,0.0
141600,48,-29.4456,300,56.688,0,0.0,0.0
141900,48,-1.9528,300,9.015,0,0.0,0.0
142200,48,-3.2339,300,11.59,0,0.0,0.0
142500,48,-3.1202,300,8.233,0,0.0,0.0
142800,48,-3.7629,300,11.376,0,0.0,0.0
143100,48,-24.1903,300,45.088,0,0.0,0.0
143400,48,-7.5669,300,25.01,0,0.0,0.0
143700,48,-21.0843,300,46.607,0,0.0,0.0
144000,48,-8.9969,300,29.415,0,0.0,0.0
144300,49,-2.629,300,6.972,0,0.0,0.0
144600,49,-14.7464,300,29.195,0,0.0,0.0
144900,49,-3.6542,300,9.003,0,0.0,0.0
145200,49,-10.6945,300,26.936,0,0.0,0.0
145500,49,-28.5203,300,51.766,0,0.0,0.0
145800,49,-12.5502,300,35.269,0,0.0,0.0
146100,49,-9.3799,300,32.308,0,0.0,0.0
146400,49,-13.5656,300,32.839,0,0.0,0.0
146700,49,-24.197,300,55.281,0,0.014078,4.2235
147000,49,-21.8043,300,49.81,0,0.0,0.0
147300,50,-5.0282,300,20.232,0,0.0,0.0
147600,50,-1.4917,300,3.405,0,0.0,0.0
147900,50,-10.8855,300,30.428,0,0.0,0.0
148200,50,-6.9834,300,26.38,0,0.0,0.0
148500,50,-7.0568,300,25.67,0,0.0,0.0
148800,50,-7.8976,300,22.95,0,0.0,0.0
149100,50,-13.8923,300,39.985,0,0.0,0.0
149400,50,-20.8369,300,40.662,0,0.0,0.0
149700,50,-15.3193,300,36.183,0,0.0,0.0
150000,50,-5.9841,300,24.105,0,0.0,0.0
150300,51,-1.7911,300,5.31,0,0.0,0.0
150600,51,-27.1795,300,52.66,0,0.0,0.0
150900,51,-2.2097,300,6.371,0,0.0,0.0
151200,51,-4.0893,300,16.192,0,0.0,0.0
151500,51,-20.4255,300,48.54,0,0.0,0.0
151800,51,-1.7831,300,7.096,0,0.0,0.0
152100,51,-21.5458,300,56.674,0,0.025115,7.5346
152400,51,-4.8055,300,20.413,0,0.0,0.0
152700,51,-4.2563,300,16.807,0,0.0,0.0
153000,51,-19.0872,300,49.005,0,0.0053,1.5899
153300,52,-12.4586,300,43.83,0,0.0,0.0
153600,52,-12.7573,300,32.363,0,0.0,0.0
153900,52,-12.9107,300,47.163,0,0.0,0.0
154200,52,-8.9602,300,28.104,0,0.0,0.0
154500,52,-17.7631,300,46.69,0,0.0,0.0
154800,52,-23.4114,300,54.728,0,0.005651,1.6952
155100,52,-10.6321,300,38.328,0,0.0,0.0
155400,52,-1.4987,300,4.061,0,0.0,0.0
155700,52,-10.414,300,34.071,0,0.0,0.0
156000,52,-11.7524,300,29.614,0,0.0,0.0
156300,53,-4.9133,300,24.264,0,0.0,0.0
156600,53,-9.6714,300,33.949,0,0.0,0.0
156900,53,-1.6695,300,5.865,0,0.0,0.0
157200,53,-12.4677,300,36.997,0,0.004526,1.3579
157500,53,-17.6544,300,46.17,0,0.0,0.0
157800,53,-5.764,300,27.89,0,0.0,0.0
158100,53,-7.6341,300,33.539,0,0.0,0.0
158400,53,-19.4294,300,55.569,0,0.0,0.0
158700,53,-3.0595,300,14.791,0,0.0,0.0
159000,53,-8.4266,300,35.024,0,0.0,0.0
159300,54,-2.079,300,12.22,0,0.0,0.0
159600,54,-7.7468,300,31.698,0,0.0,0.0
159900,54,-4.9805,300,26.74,0,0.0,0.0
160200,54,-6.3807,300,28.042,0,0.0,0.0
160500,54,-1.4021,300,2.522,0,0.0,0.0
160800,54,-13.9235,300,45.892,0,0.0,0.0
161100,54,-3.5,300,16.053,0,0.0,0.0
161400,54,-15.5573,300,47.843,0,0.0,0.0
161700,54,-7.5571,300,32.891,0,0.002247,0.674
162000,54,-7.6662,300,33.836,0,0.0,0.0
162300,55,-19.3281,300,56.976,1,0.00504,1.5119
162600,55,-1.9894,300,8.028,0,0.0,0.0
162900,55,-9.9862,300,33.859,0,0.0,0.0
163200,55,-2.3487,300,13.1,0,0.0,0.0
163500,55,-1.636,300,5.099,0,0.0,0.0
163800,55,-2.9464,300,13.677,0,0.0,0.0
164100,55,-14.6438,300,46.7,0,0.0,0.0
164400,55,-3.1369,300,18.106,0,0.0,0.0
164700,55,-1.5871,300,6.043,0,0.0,0.0
165000,55,-14.8592,300,42.96,0,0.004202,1.2607
165300,56,-14.384,300,51.982,0,0.002526,0.7577
165600,56,-10.5955,300,45.585,0,0.0,0.0
165900,56,-8.9101,300,35.696,0,0.0,0.0
166200,56,-10.3021,300,36.883,0,0.0,0.0
166500,56,-13.5695,300,43.785,0,0.0,0.0
166800,56,-1.6985,300,4.466,0,0.0,0.0
167100,56,-15.2582,300,53.632,0,0.0,0.0
167400,56,-2.4803,300,10.909,0,0.0,0.0
167700,56,-2.6222,300,14.599,0,0.0,0.0
168000,56,-7.0422,300,34.467,0,0.0,0.0
168300,57,-2.2067,300,12.698,0,0.0,0.0
168600,57,-1.8127,300,7.906,0,0.0,0.0
168900,57,-7.075,300,33.331,0,0.0,0.0
169200,57,-19.8947,300,56.898,0,0.0,0.0
169500,57,-4.7649,300,26.251,0,0.0,0.0
169800,57,-14.0613,300,44.377,0,0.0,0.0
170100,57,-11.3644,300,43.986,0,0.0,0.0
170400,57,-1.948,300,9.82,0,0.0,0.0
170700,57,-11.3679,300,39.521,0,0.0,0.0
171000,57,-8.2075,300,28.517,0,0.0,0.0
171300,58,-8.0249,300,34.915,0,0.001633,0.4899
171600,58,-1.3822,300,3.162,0,0.0,0.0
171900,58,-17.7715,300,54.798,0,0.0,0.0
172200,58,-17.5933,300,50.792,0,0.0,0.0
172500,58,-15.2601,300,43.58,0,0.0,0.0
172800,58,-10.0489,300,34.532,0,0.0,0.0
173100,58,-1.5085,300,3.6,0,0.0,0.0
173400,58,-19.3802,300,56.882,0,0.004932,1.4796
173700,58,-15.2156,300,46.077,0,0.0,0.0
174000,58,-14.3627,300,43.536,0,0.0,0.0
174300,59,-2.4343,300,15.119,0,0.0,0.0
174600,59,-6.9649,300,33.2,0,0.0,0.0
174900,59,-3.0545,300,17.75,0,0.0,0.0
175200,59,-1.1728,300,6.486,0,0.0,0.0
175500,59,-14.8981,300,53.83,0,0.0,0.0
175800,59,-11.7488,300,43.132,0,0.0,0.0
176100,59,-8.9709,300,40.016,0,0.001205,0.3615
176400,59,-4.489,300,25.073,0,0.0,0.0
176700,59,-1.3715,300,3.467,0,0.0,0.0
177000,59,-12.1683,300,44.647,0,0.0,0.0
177300,60,-10.5847,300,42.52,0,0.0,0.0
177600,60,-3.0792,300,19.469,0,0.0,0.0
177900,60,-1.7115,300,5.277,0,0.0,0.0
178200,60,-2.0395,300,9.54,0,0.0,0.0
178500,60,-1.5018,300,6.943,0,0.0,0.0
178800,60,-1.4986,300,8.26,0,0.0,0.0
179100,60,-4.827,300,24.899,0,0.0,0.0
179400,60,-2.1918,300,13.594,0,0.0,0.0
179700,60,-2.6193,300,15.313,0,0.0,0.0
180000,60,-4.3366,300,25.442,0,0.0,0.0
180300,61,-9.8191,300,42.905,0,0.000333,0.0998
180600,61,-8.8112,300,43.21,0,0.0,0.0
180900,61,-2.7001,300,17.313,0,0.0,0.0
181200,61,-14.288,300,53.15,0,0.0,0.0
181500,61,-3.784,300,25.356,0,0.0,0.0
181800,61,-5.7783,300,29.324,0,0.0,0.0
182100,61,-3.8448,300,26.173,0,0.0,0.0
182400,61,-11.7867,300,42.319,0,0.000167,0.05
182700,61,-11.5105,300,49.454,0,0.0,0.0
183000,61,-1.4488,300,6.122,0,0.0,0.0
183300,62,-5.0185,300,31.215,0,0.0,0.0
183600,62,-1.675,300,11.38,0,0.0,0.0
183900,62,-4.3076,300,28.227,0,0.0,0.0
184200,62,-6.0196,300,28.086,0,0.0,0.0
184500,62,-2.6171,300,17.669,0,0.0,0.0
184800,62,-14.5349,300,54.973,0,0.0,0.0
185100,62,-13.4073,300,49.168,0,0.0,0.0
185400,62,-2.1254,300,15.596,0,0.0,0.0
185700,62,-1.3735,300,4.375,0,0.0,0.0
186000,62,-1.8344,300,6.887,0,0.0,0.0
186300,63,-6.8118,300,33.448,0,0.0,0.0
186600,63,-14.9501,300,53.219,0,0.0,0.0
186900,63,-4.0312,300,27.197,0,0.0,0.0
187200,63,-1.761,300,12.747,0,0.0,0.0
187500,63,-1.649,300,7.896,0,0.0,0.0
187800,63,-5.632,300,32.995,0,0.0,0.0
188100,63,-3.2188,300,24.05,0,0.0,0.0
188400,63,-7.8602,300,35.124,0,0.0,0.0
188700,63,-13.3772,300,53.726,0,0.0,0.0
189000,63,-5.0221,300,27.452,0,0.0,0.0
189300,64,-4.7513,300,32.137,0,0.0,0.0
189600,64,-7.1158,300,33.751,0,0.0,0.0
189900,64,-3.5171,300,25.492,0,0.0,0.0
190200,64,-4.4906,300,27.648,0,0.0,0.0
190500,64,-1.3954,300,4.672,0,0.0,0.0
190800,64,-7.0229,300,38.05,0,0.0,0.0
191100,64,-4.7574,300,25.084,0,0.0,0.0
191400,64,-8.5485,300,41.741,0,0.0,0.0
191700,64,-1.9078,300,12.401,0,0.0,0.0
192000,64,-2.3813,300,16.124,0,0.0,0.0
192300,65,-2.4767,300,20.653,0,0.0,0.0
192600,65,-1.5193,300,4.645,0,0.0,0.0
192900,65,-4.6068,300,32.099,0,0.0,0.0
193200,65,-2.3715,300,15.1,0,0.0,0.0
193500,65,-1.9395,300,14.538,0,0.0,0.0
193800,65,-8.8876,300,45.223,0,0.0,0.0
194100,65,-6.0191,300,37.379,0,0.0,0.0
194400,65,-11.7783,300,46.946,0,0.0,0.0
194700,65,-4.7608,300,27.282,0,0.0,0.0
195000,65,-1.5164,300,4.05,0,0.0,0.0
195300,66,-13.091,300,51.316,0,0.0,0.0
195600,66,-2.2992,300,17.183,0,0.0,0.0
195900,66,-6.8763,300,33.416,0,0.0,0.0
196200,66,-4.4374,300,29.945,0,0.0,0.0
196500,66,-13.3176,300,50.216,0,0.0,0.0
196800,66,-4.7352,300,28.852,0,0.0,0.0
197100,66,-8.5098,300,40.638,0,0.0,0.0
197400,66,-12.3504,300,50.823,0,0.0,0.0
197700,66,-2.8829,300,21.242,0,0.0,0.0
198000,66,-2.3248,300,15.185,0,0.0,0.0
198300,67,-2.2257,300,17.51,0,0.0,0.0
198600,67,-7.4847,300,40.793,0,0.0,0.0
198900,67,-10.2506,300,45.591,0,0.0,0.0
199200,67,-1.2253,300,6.893,0,0.0,0.0
199500,67,-9.3474,300,46.378,0,0.0,0.0
199800,67,-1.4597,300,7.666,0,0.0,0.0
200100,67,-4.9799,300,27.502,0,0.0,0.0
200400,67,-1.4762,300,6.57,0,0.0,0.0
200700,67,-1.9981,300,13.204,0,0.0,0.0
201000,67,-13.1457,300,53.143,0,0.0,0.0
201300,68,-3.4317,300,25.213,0,0.0,0.0
201600,68,-5.1653,300,31.218,0,0.0,0.0
201900,68,-4.0132,300,27.992,0,0.0,0.0
202200,68,-1.923,300,14.392,0,0.0,0.0
202500,68,-4.9164,300,33.599,0,0.0,0.0
202800,68,-1.5697,300,10.357,0,0.0,0.0
203100,68,-2.4336,300,20.849,0,0.0,0.0
203400,68,-11.5823,300,53.891,0,0.001572,0.4717
203700,68,-2.8472,300,20.374,0,0.0,0.0
204000,68,-2.4131,300,18.85,0,0.0,0.0
204300,69,-5.8984,300,33.8,0,0.0,0.0
204600,69,-1.5014,300,6.144,0,0.0,0.0
204900,69,-3.2244,300,19.759,0,0.0,0.0
205200,69,-10.6565,300,50.473,0,0.0,0.0
205500,69,-1.8881,300,15.174,0,0.0,0.0
205800,69,-1.3869,300,7.572,0,0.0,0.0
206100,69,-8.1019,300,41.426,0,0.001633,0.49
206400,69,-1.3931,300,5.667,0,0.0,0.0
206700,69,-1.6666,300,13.188,0,0.0,0.0
207000,69,-1.4247,300,7.997,0,0.0,0.0
207300,70,-1.0688,300,3.344,0,0.0,0.0
207600,70,-1.4832,300,11.085,0,0.0,0.0
207900,70,-8.8295,300,47.417,0,0.003051,0.9152
208200,70,-9.1162,300,47.266,0,0.0,0.0
208500,70,-12.7631,300,56.5,0,0.0,0.0
208800,70,-8.0644,300,44.787,0,0.0,0.0
209100,70,-9.897,300,50.893,0,0.0,0.0
209400,70,-6.0112,300,34.854,0,0.0,0.0
209700,70,-8.3935,300,44.44,0,0.0,0.0
210000,70,-1.2805,300,6.89,0,0.0,0.0
210300,71,-4.1355,300,28.309,0,0.0,0.0
210600,71,-1.5497,300,10.931,0,0.0,0.0
210900,71,-8.4605,300,41.763,0,0.0,0.0
211200,71,-2.0548,300,17.985,0,0.0,0.0
211500,71,-8.1307,300,45.526,0,0.0,0.0
211800,71,-1.9061,300,12.882,0,0.0,0.0
212100,71,-2.1659,300,19.254,0,0.0,0.0
212400,71,-1.2895,300,4.174,0,0.0,0.0
212700,71,-7.2877,300,40.036,0,0.0,0.0
213000,71,-5.0002,300,31.436,0,0.0,0.0
213300,72,-4.3825,300,33.946,0,0.0,0.0
213600,72,-8.4319,300,45.023,0,0.0,0.0
213900,72,-1.9586,300,16.646,0,0.0,0.0
214200,72,-7.1663,300,37.984,0,0.0,0.0
214500,72,-8.2331,300,42.588,0,0.0,0.0
214800,72,-1.0733,300,3.162,0,0.0,0.0
215100,72,-0.9776,300,2.896,0,0.0,0.0
215400,72,-1.9736,300,17.817,0,0.0,0.0
215700,72,-6.9057,300,41.42,0,0.0,0.0
216000,72,-2.2103,300,18.664,0,0.0,0.0
216300,73,-3.4777,300,25.04,0,0.0,0.0
216600,73,-1.3236,300,2.72,0,0.0,0.0
216900,73,-3.7038,300,27.674,0,0.0,0.0
217200,73,-4.0499,300,30.907,0,0.0,0.0
217500,73,-4.8511,300,34.322,0,0.0,0.0
217800,73,-3.5254,300,24.876,0,0.0,0.0
218100,73,-13.1091,300,56.809,1,0.0,0.0
218400,73,-1.2736,300,3.325,0,0.0,0.0
218700,73,-11.1389,300,53.422,0,0.0,0.0
219000,73,-1.512,300,13.855,0,0.0,0.0
219300,74,-1.1794,300,7.99,0,0.0,0.0
219600,74,-1.762,300,14.839,0,0.0,0.0
219900,74,-9.2967,300,48.26,0,0.0,0.0
220200,74,-3.6627,300,27.743,0,0.0,0.0
220500,74,-5.2766,300,34.576,0,0.0,0.0
220800,74,-1.1625,300,5.309,0,0.0,0.0
221100,74,-1.6804,300,12.015,0,0.0,0.0
221400,74,-1.7748,300,15.532,0,0.0,0.0
221700,74,-5.9236,300,39.395,0,0.0,0.0
222000,74,-1.2261,300,6.39,0,0.0,0.0
222300,75,-1.5328,300,13.981,0,0.0,0.0
222600,75,-7.7467,300,41.728,0,0.0,0.0
222900,75,-5.602,300,37.231,0,0.0,0.0
223200,75,-3.4784,300,25.951,0,0.0,0.0
223500,75,-3.3924,300,29.298,0,0.0,0.0
223800,75,-5.7524,300,37.942,0,0.0,0.0
224100,75,-9.1539,300,47.071,0,0.0,0.0
224400,75,-1.3646,300,10.313,0,0.0,0.0
224700,75,-2.0839,300,18.903,0,0.0,0.0
225000,75,-2.7619,300,24.79,0,0.0,0.0
225300,76,-7.1057,300,43.139,0,0.0,0.0
225600,76,-3.8956,300,31.336,0,0.0,0.0
225900,76,-3.6356,300,26.686,0,0.0,0.0
226200,76,-1.2669,300,10.987,0,0.0,0.0
226500,76,-9.1236,300,49.286,0,0.0,0.0
226800,76,-3.2522,300,26.698,0,0.0,0.0
227100,76,-3.0357,300,23.702,0,0.0,0.0
227400,76,-9.4108,300,50.002,0,0.002533,0.76
227700,76,-7.2355,300,44.273,0,0.0,0.0
228000,76,-4.8808,300,33.933,0,0.0,0.0
228300,77,-6.1615,300,40.666,0,0.0,0.0
228600,77,-9.4951,300,52.132,0,0.0,0.0
228900,77,-1.5587,300,14.508,0,0.0,0.0
229200,77,-2.6078,300,24.427,0,0.0,0.0
229500,77,-7.7965,300,46.819,0,0.0,0.0
229800,77,-1.6175,300,15.289,0,0.0,0.0
230100,77,-2.3729,300,19.184,0,0.0,0.0
230400,77,-1.5974,300,15.542,0,0.0,0.0
230700,77,-2.5068,300,23.22,0,0.0,0.0
231000,77,-2.3831,300,20.087,0,0.0,0.0
231300,78,-7.6376,300,44.22,0,0.0,0.0
231600,78,-1.2742,300,8.608,0,0.0,0.0
231900,78,-1.6867,300,15.922,0,0.0,0.0
232200,78,-1.312,300,8.223,0,0.0,0.0
232500,78,-3.1515,300,28.114,0,0.0,0.0
232800,78,-1.3955,300,10.308,0,0.0,0.0
233100,78,-7.5044,300,45.875,0,0.0,0.0
233400,78,-5.1748,300,34.741,0,0.0,0.0
233700,78,-2.7867,300,23.131,0,0.0,0.0
234000,78,-7.1018,300,44.898,0,0.0,0.0
234300,79,-4.9452,300,35.751,0,0.0,0.0
234600,79,-1.0281,300,7.763,0,0.0,0.0
234900,79,-4.2003,300,30.449,0,0.0,0.0
235200,79,-7.7175,300,47.225,0,0.002407,0.7221
235500,79,-1.0097,300,3.028,0,0.0,0.0
235800,79,-7.8996,300,45.877,0,0.004229,1.2688
236100,79,-3.6078,300,30.688,0,0.0,0.0
236400,79,-3.3186,300,27.73,0,0.0,0.0
236700,79,-3.0185,300,28.118,0,0.0,0.0
237000,79,-1.5515,300,12.685,0,0.0,0.0
237300,80,-7.7538,300,48.156,0,0.0,0.0
237600,80,-2.0861,300,17.522,0,0.0,0.0
237900,80,-0.9297,300,3.581,0,0.0,0.0
238200,80,-4.3282,300,33.004,0,0.0,0.0
238500,80,-2.4976,300,23.236,0,0.0,0.0
238800,80,-5.8562,300,39.901,0,0.0,0.0
239100,80,-1.3623,300,11.191,0,0.0,0.0
239400,80,-1.1466,300,3.78,0,0.0,0.0
239700,80,-2.1677,300,22.895,0,0.0,0.0
240000,80,-2.1407,300,19.286,0,0.0,0.0
240300,81,-4.838,300,37.786,0,0.0,0.0
240600,81,-1.2887,300,4.848,0,0.0,0.0
240900,81,-2.7202,300,23.948,0,0.0,0.0
241200,81,-9.7251,300,52.738,0,0.0,0.0
241500,81,-1.8701,300,19.4,0,0.0,0.0
241800,81,-2.3896,300,23.833,0,0.0,0.0
242100,81,-7.5434,300,47.355,0,0.0,0.0
242400,81,-7.1975,300,46.337,0,0.0,0.0
242700,81,-0.9717,300,3.16,0,0.0,0.0
243000,81,-2.9069,300,27.713,0,0.0,0.0
243300,82,-1.3967,300,10.982,0,0.0,0.0
243600,82,-8.5283,300,49.381,0,0.0,0.0
243900,82,-3.7866,300,31.574,0,0.0,0.0
244200,82,-10.8116,300,54.085,0,0.002899,0.8697
244500,82,-8.5387,300,49.468,0,0.0,0.0
244800,82,-8.7228,300,50.689,0,0.0,0.0
245100,82,-1.5121,300,14.926,0,0.0,0.0
245400,82,-2.6763,300,26.048,0,0.0,0.0
245700,82,-2.3207,300,18.592,0,0.0,0.0
246000,82,-5.3576,300,39.982,0,0.0,0.0
246300,83,-5.4479,300,39.395,0,0.0,0.0
246600,83,-1.2958,300,8.57,0,0.0,0.0
246900,83,-2.2318,300,20.877,0,0.0,0.0
247200,83,-8.6491,300,52.391,0,5.3e-05,0.0158
247500,83,-2.5061,300,22.957,0,0.0,0.0
247800,83,-8.6141,300,52.453,0,0.0,0.0
248100,83,-1.9608,300,18.167,0,0.0,0.0
248400,83,-1.1254,300,11.354,0,0.0,0.0
248700,83,-2.1939,300,22.142,0,0.0,0.0
249000,83,-2.1948,300,20.17,0,0.0,0.0
249300,84,-4.8656,300,36.546,0,0.0,0.0
249600,84,-1.3096,300,8.718,0,0.0,0.0
249900,84,-10.28,300,55.167,0,0.0,0.0
250200,84,-2.1725,300,22.997,0,0.0,0.0
250500,84,-1.2996,300,7.533,0,0.0,0.0
250800,84,-2.724,300,25.06,0,0.0,0.0
251100,84,-5.274,300,38.86,0,0.0,0.0
251400,84,-7.3288,300,46.536,0,0.00141,0.423
251700,84,-2.1846,300,21.872,0,0.0,0.0
252000,84,-1.7417,300,17.634,0,0.0,0.0
252300,85,-3.1868,300,30.313,0,0.0,0.0
252600,85,-8.036,300,48.524,0,0.003133,0.94
252900,85,-2.0608,300,20.395,0,0.0,0.0
253200,85,-3.321,300,30.187,0,0.0,0.0
253500,85,-1.2943,300,12.124,0,0.0,0.0
253800,85,-10.0819,300,54.342,0,0.00259,0.777
254100,85,-1.0156,300,7.49,0,0.0,0.0
254400,85,-1.2244,300,9.484,0,0.0,0.0
254700,85,-1.2089,300,8.842,0,0.0,0.0
255000,85,-5.2761,300,38.094,0,0.0,0.0
255300,86,-2.4199,300,23.94,0,0.0,0.0
255600,86,-1.2862,300,10.664,0,0.0,0.0
255900,86,-1.0725,300,5.316,0,0.0,0.0
256200,86,-7.2532,300,48.95,0,0.006848,2.0545
256500,86,-4.2409,300,35.51,0,0.0,0.0
256800,86,-1.1408,300,5.93,0,0.0,0.0
257100,86,-1.9334,300,20.012,0,0.0,0.0
257400,86,-5.238,300,40.531,0,0.0,0.0
257700,86,-0.9598,300,5.201,0,0.0,0.0
258000,86,-2.6522,300,25.893,0,0.0,0.0
258300,87,-1.0363,300,6.923,0,0.0,0.0
258600,87,-4.7208,300,36.235,0,0.0,0.0
258900,87,-9.7223,300,55.752,0,0.006192,1.8575
259200,87,-1.0022,300,4.803,0,0.0,0.0
259500,87,-2.0545,300,20.365,0,0.0,0.0
259800,87,-3.3412,300,31.017,0,0.0,0.0
260100,87,-1.0008,300,5.518,0,0.0,0.0
260400,87,-6.7695,300,46.374,0,0.0,0.0
260700,87,-8.8761,300,53.521,0,0.0,0.0
261000,87,-6.4592,300,42.482,0,0.0,0.0
261300,88,-8.7798,300,53.721,0,0.0,0.0
261600,88,-1.3932,300,12.272,0,0.0,0.0
261900,88,-1.9629,300,21.222,0,0.0,0.0
262200,88,-7.1483,300,46.882,0,0.0,0.0
262500,88,-4.0911,300,36.505,0,0.0,0.0
262800,88,-2.9487,300,27.432,0,0.0,0.0
263100,88,-5.3779,300,39.544,0,0.000644,0.1932
263400,88,-7.7325,300,50.186,0,0.0,0.0
263700,88,-2.1912,300,22.878,0,0.0,0.0
264000,88,-1.1803,300,6.625,0,0.0,0.0
264300,89,-9.8967,300,57.072,1,0.0,0.0
264600,89,-5.5298,300,41.078,0,0.0,0.0
264900,89,-1.7322,300,17.136,0,0.0,0.0
265200,89,-9.2772,300,52.493,0,0.001112,0.3337
265500,89,-9.4799,300,55.836,0,0.0,0.0
265800,89,-1.9608,300,21.679,0,0.0,0.0
266100,89,-1.1912,300,11.168,0,0.0,0.0
266400,89,-1.4516,300,13.857,0,0.0,0.0
266700,89,-1.0663,300,5.164,0,0.0,0.0
267000,89,-1.2432,300,11.34,0,0.0,0.0
267300,90,-1.289,300,7.641,0,0.0,0.0
267600,90,-4.9432,300,39.485,0,0.0,0.0
267900,90,-9.1194,300,54.77,0,0.0,0.0
268200,90,-7.6429,300,49.09,0,0.003342,1.0025
268500,90,-0.9819,300,3.757,0,0.0,0.0
268800,90,-6.6473,300,45.62,0,0.0,0.0
269100,90,-1.5355,300,14.659,0,0.0,0.0
269400,90,-2.0965,300,22.196,0,0.0,0.0
269700,90,-1.2528,300,3.9,0,0.0,0.0
270000,90,-1.1232,300,7.915,0,0.0,0.0
270300,91,-1.5629,300,14.508,0,0.0,0.0
270600,91,-0.8886,300,4.345,0,0.0,0.0
270900,91,-6.6094,300,45.073,0,0.000759,0.2276
271200,91,-1.7952,300,19.839,0,0.0,0.0
271500,91,-2.2273,300,21.042,0,0.0,0.0
271800,91,-1.1374,300,6.822,0,0.0,0.0
272100,91,-4.6345,300,37.795,0,0.0,0.0
272400,91,-1.0648,300,6.39,0,0.0,0.0
272700,91,-4.2804,300,37.091,0,0.0,0.0
273000,91,-1.0134,300,3.018,0,0.0,0.0
273300,92,-7.8972,300,49.907,0,0.001635,0.4904
273600,92,-1.2109,300,3.656,0,0.0,0.0
273900,92,-3.766,300,33.18,0,0.0,0.0
274200,92,-2.0851,300,22.115,0,0.0,0.0
274500,92,-1.043,300,4.873,0,0.0,0.0
274800,92,-1.7137,300,16.253,0,0.0,0.0
275100,92,-2.4467,300,22.586,0,0.0,0.0
275400,92,-8.2617,300,51.795,0,0.0,0.0
275700,92,-1.7154,300,18.035,0,0.0,0.0
276000,92,-6.9728,300,47.061,0,0.0,0.0
276300,93,-2.4776,300,24.443,0,0.0,0.0
276600,93,-1.2271,300,10.075,0,0.0,0.0
276900,93,-7.4863,300,48.339,0,0.004651,1.3954
277200,93,-8.9938,300,54.391,0,0.0,0.0
277500,93,-1.5986,300,15.384,0,0.0,0.0
277800,93,-1.1091,300,4.02,0,0.0,0.0
278100,93,-8.0215,300,51.501,0,0.0,0.0
278400,93,-2.5115,300,25.149,0,0.0,0.0
278700,93,-6.9751,300,46.991,0,0.0,0.0
279000,93,-1.0974,300,2.942,0,0.0,0.0
279300,94,-1.2134,300,6.301,0,0.0,0.0
279600,94,-5.8024,300,44.539,0,0.0,0.0
279900,94,-1.6961,300,16.807,0,0.0,0.0
280200,94,-0.9828,300,3.146,0,0.0,0.0
280500,94,-1.8359,300,19.083,0,0.0,0.0
280800,94,-4.5929,300,38.711,0,0.0,0.0
281100,94,-4.4004,300,37.111,0,0.0,0.0
281400,94,-1.9016,300,21.255,0,0.0,0.0
281700,94,-1.6588,300,17.585,0,0.0,0.0
282000,94,-2.5127,300,22.968,0,0.0,0.0
282300,95,-1.119,300,7.581,0,0.0,0.0
282600,95,-8.7822,300,53.455,0,0.006828,2.0483
282900,95,-1.1921,300,10.108,0,0.0,0.0
283200,95,-2.3852,300,24.199,0,0.0,0.0
283500,95,-2.2416,300,23.001,0,0.0,0.0
283800,95,-9.2141,300,54.604,0,0.0,0.0
284100,95,-9.1271,300,56.127,0,0.01193,3.5789
284400,95,-4.8075,300,38.232,0,0.0,0.0
284700,95,-1.8454,300,18.161,0,0.0,0.0
285000,95,-9.3777,300,56.993,0,0.011422,3.4266
285300,96,-2.6209,300,25.876,0,0.0,0.0
285600,96,-5.0061,300,41.195,0,0.0,0.0
285900,96,-1.7799,300,18.357,0,0.0,0.0
286200,96,-7.6479,300,49.695,0,0.0,0.0
286500,96,-5.8837,300,43.315,0,0.0,0.0
286800,96,-1.887,300,22.187,0,0.0,0.0
287100,96,-2.348,300,24.506,0,0.0,0.0
287400,96,-7.1256,300,49.301,0,0.0,0.0
287700,96,-4.9706,300,41.252,0,0.0,0.0
288000,96,-3.4915,300,33.035,0,0.0,0.0
288300,97,-4.7218,300,39.89,0,0.0,0.0
288600,97,-1.6231,300,17.341,0,0.0,0.0
288900,97,-6.8379,300,47.922,0,0.0,0.0
289200,97,-6.4211,300,45.018,0,0.002263,0.6789
289500,97,-5.1514,300,40.831,0,0.0,0.0
289800,97,-7.9094,300,51.532,0,0.0,0.0
290100,97,-5.3358,300,39.672,0,0.00104,0.3121
290400,97,-3.1091,300,29.821,0,0.0,0.0
290700,97,-1.6002,300,15.555,0,0.0,0.0
291000,97,-2.3141,300,23.956,0,0.0,0.0
291300,98,-7.105,300,47.238,0,0.0,0.0
291600,98,-8.6047,300,52.172,0,0.003743,1.1229
291900,98,-2.2382,300,22.37,0,0.0,0.0
292200,98,-4.3215,300,35.462,0,0.0,0.0
292500,98,-2.5858,300,27.409,0,0.0,0.0
292800,98,-2.3584,300,24.515,0,0.0,0.0
293100,98,-5.8993,300,43.835,0,0.0,0.0
293400,98,-5.3647,300,40.838,0,0.0,0.0
293700,98,-2.5134,300,26.065,0,0.0,0.0
294000,98,-2.6682,300,26.234,0,0.0,0.0
294300,99,-2.3519,300,23.171,0,0.0,0.0
294600,99,-1.8685,300,18.999,0,0.0,0.0
294900,99,-7.1374,300,48.849,0,0.0,0.0
295200,99,-4.6167,300,38.505,0,0.0,0.0
295500,99,-1.4624,300,12.941,0,0.0,0.0
295800,99,-3.7942,300,33.061,0,0.0,0.0
296100,99,-2.1066,300,21.224,0,0.0,0.0
296400,99,-1.2281,300,7.4,0,0.0,0.0
296700,99,-1.294,300,12.605,0,0.0,0.0
297000,99,-5.1555,300,40.972,0,0.0,0.0
297300,100,-2.3803,300,25.038,0,0.0,0.0
297600,100,-8.0838,300,49.651,0,0.001939,0.5818
297900,100,-5.6773,300,43.44,0,0.0,0.0
298200,100,-6.9006,300,47.516,0,0.0,0.0
298500,100,-1.0259,300,4.937,0,0.0,0.0
298800,100,-2.8643,300,28.679,0,0.0,0.0
299100,100,-3.4313,300,31.213,0,0.0,0.0
299400,100,-5.6523,300,43.042,0,0.0,0.0
299700,100,-1.3405,300,13.747,0,0.0,0.0
300000,100,-4.3492,300,36.624,0,0.0,0.0
