global_step,iteration,episode_return,episode_length,max_angle_deg,safety_violations,mean_u_cbf,max_u_cbf
300,1,-0.2557,300,4.256,0,0.831338,10.8479
600,1,-274.0443,300,55.26,0,4.015962,8.4742
900,1,-300.3409,300,57.399,282,4.087201,10.1917
1200,1,-296.2413,300,57.351,279,4.196293,11.6112
1500,1,-264.4255,300,54.153,0,3.940615,11.2061
1800,1,-305.3867,300,57.351,292,4.323164,7.3349
2100,1,-305.3589,300,57.351,291,4.239553,7.6984
2400,1,-271.3351,300,54.153,0,3.930643,8.6195
2700,1,-305.7259,300,57.351,293,4.151436,7.0564
3000,1,-303.7697,300,57.351,288,4.141015,8.3704
3300,2,-243.5114,300,54.153,0,1.75282,5.1119
3600,2,-288.5296,300,57.391,68,0.334109,2.5543
3900,2,-211.455,300,54.153,0,1.456132,4.5717
4200,2,-272.2671,300,54.153,0,1.969744,5.2398
4500,2,-271.7141,300,54.153,0,1.856886,4.4852
4800,2,-269.9535,300,54.153,0,1.961339,4.6775
5100,2,-299.2816,300,57.369,79,0.386915,3.366
5400,2,-211.0439,300,54.153,0,1.531211,4.7037
5700,2,-272.0969,300,54.153,0,1.976706,4.9127
6000,2,-273.8535,300,57.379,68,0.299972,3.6636
6300,3,-103.4232,300,54.963,0,0.005791,1.008
6600,3,-182.9213,300,55.194,0,0.011749,1.3973
6900,3,-67.7787,300,44.192,0,0.0,0.0
7200,3,-96.4183,300,51.728,0,0.0,0.0
7500,3,-85.6485,300,52.15,0,0.0,0.0
7800,3,-244.6577,300,55.194,0,0.059849,1.8159
8100,3,-126.0551,300,55.183,0,0.034862,3.0776
8400,3,-63.6192,300,41.773,0,0.0,0.0
8700,3,-168.3665,300,55.237,0,0.024759,3.4905
9000,3,-77.1013,300,42.663,0,0.0,0.0
9300,4,-46.7651,300,49.429,0,0.0,0.0
9600,4,-50.5849,300,46.456,0,0.0,0.0
9900,4,-61.3386,300,37.157,0,0.0,0.0
10200,4,-40.9139,300,36.656,0,0.0,0.0
10500,4,-90.8817,300,47.457,0,0.0,0.0
10800,4,-41.9661,300,33.498,0,0.0,0.0
11100,4,-20.5162,300,27.909,0,0.0,0.0
11400,4,-101.2514,300,39.617,0,0.0,0.0
11700,4,-24.6497,300,30.645,0,0.0,0.0
12000,4,-34.3166,300,30.961,0,0.0,0.0
12300,5,-29.8522,300,44.914,0,0.0,0.0
12600,5,-20.5315,300,33.286,0,0.0,0.0
12900,5,-52.2183,300,47.431,0,0.0,0.0
13200,5,-55.8976,300,56.613,0,0.021163,1.3567
13500,5,-34.2576,300,54.222,0,0.0,0.0
13800,5,-24.0474,300,29.905,0,0.0,0.0
14100,5,-13.7938,300,27.193,0,0.0,0.0
14400,5,-38.7782,300,41.189,0,0.0,0.0
14700,5,-29.086,300,43.315,0,0.0,0.0
15000,5,-27.6107,300,36.255,0,0.0,0.0
15300,6,-35.853,300,55.916,0,0.001946,0.5838
15600,6,-33.021,300,55.428,0,0.002212,0.3786
15900,6,-32.3136,300,50.404,0,0.0,0.0
16200,6,-9.5016,300,18.755,0,0.0,0.0
16500,6,-16.1231,300,25.01,0,0.0,0.0
16800,6,-12.1369,300,22.925,0,0.0,0.0
17100,6,-42.4858,300,45.556,0,0.0,0.0
17400,6,-12.8301,300,20.747,0,0.0,0.0
17700,6,-22.6288,300,27.478,0,0.0,0.0
18000,6,-18.3092,300,42.79,0,0.0,0.0
18300,7,-26.1839,300,34.066,0,0.0,0.0
18600,7,-13.4216,300,51.314,0,0.0,0.0
18900,7,-15.006,300,41.094,0,0.0,0.0
19200,7,-7.3724,300,15.378,0,0.0,0.0
19500,7,-28.6155,300,41.754,0,0.0,0.0
19800,7,-18.6287,300,40.199,0,0.0,0.0
20100,7,-35.6133,300,52.645,0,0.0,0.0
20400,7,-26.3621,300,40.744,0,0.0,0.0
20700,7,-29.646,300,40.96,0,0.0,0.0
21000,7,-10.1028,300,30.089,0,0.0,0.0
21300,8,-8.0062,300,17.294,0,0.0,0.0
21600,8,-5.2539,300,14.487,0,0.0,0.0
21900,8,-25.6882,300,51.462,0,0.0,0.0
22200,8,-7.0979,300,26.512,0,0.0,0.0
22500,8,-15.3588,300,27.654,0,0.0,0.0
22800,8,-8.7221,300,22.718,0,0.0,0.0
23100,8,-19.0233,300,46.746,0,0.0,0.0
23400,8,-14.7812,300,44.494,0,0.0,0.0
23700,8,-13.2474,300,49.304,0,0.0,0.0
24000,8,-15.0244,300,32.953,0,0.0,0.0
24300,9,-28.5537,300,54.914,0,0.002787,0.8362
24600,9,-26.0323,300,49.173,0,0.0,0.0
24900,9,-15.7705,300,33.149,0,0.0,0.0
25200,9,-4.6587,300,13.196,0,0.0,0.0
25500,9,-5.7437,300,16.586,0,0.0,0.0
25800,9,-14.8281,300,35.29,0,0.0,0.0
26100,9,-14.2796,300,31.07,0,0.0,0.0
26400,9,-40.6074,300,53.445,0,0.0,0.0
26700,9,-8.9755,300,19.027,0,0.0,0.0
27000,9,-5.3579,300,12.583,0,0.0,0.0
27300,10,-4.8463,300,13.523,0,0.0,0.0
27600,10,-5.9115,300,23.617,0,0.0,0.0
27900,10,-13.9681,300,41.855,0,0.0,0.0
28200,10,-4.5865,300,15.249,0,0.0,0.0
28500,10,-27.3179,300,50.315,0,0.0,0.0
28800,10,-8.2369,300,18.599,0,0.0,0.0
29100,10,-29.0658,300,54.556,0,0.0,0.0
29400,10,-25.0985,300,55.261,0,0.017224,5.1672
29700,10,-18.9945,300,53.904,0,0.0,0.0
30000,10,-8.5096,300,24.949,0,0.0,0.0
30300,11,-3.4157,300,9.318,0,0.0,0.0
30600,11,-13.0359,300,41.174,0,0.0,0.0
30900,11,-4.3757,300,10.779,0,0.0,0.0
31200,11,-10.8714,300,30.125,0,0.0,0.0
31500,11,-6.0658,300,15.441,0,0.0,0.0
31800,11,-10.0491,300,28.621,0,0.0,0.0
32100,11,-7.9166,300,22.957,0,0.0,0.0
32400,11,-24.3926,300,49.024,0,0.0,0.0
32700,11,-21.9496,300,51.072,0,0.0,0.0
33000,11,-12.4812,300,37.813,0,0.0,0.0
33300,12,-5.0079,300,24.336,0,0.0,0.0
33600,12,-3.7768,300,19.474,0,0.0,0.0
33900,12,-7.3768,300,26.087,0,0.0,0.0
34200,12,-19.5256,300,55.501,0,0.013002,3.9007
34500,12,-6.2374,300,24.854,0,0.0,0.0
34800,12,-18.6152,300,56.432,0,0.0,0.0
35100,12,-5.4283,300,16.086,0,0.0,0.0
35400,12,-6.504,300,23.139,0,0.0,0.0
35700,12,-7.2607,300,17.589,0,0.0,0.0
36000,12,-8.158,300,29.499,0,0.0,0.0
36300,13,-12.6068,300,43.945,0,0.0,0.0
36600,13,-4.2105,300,17.922,0,0.0,0.0
36900,13,-8.3388,300,40.734,0,0.0,0.0
37200,13,-8.93,300,37.313,0,0.0,0.0
37500,13,-4.4687,300,27.124,0,0.0,0.0
37800,13,-7.5832,300,33.627,0,0.0,0.0
38100,13,-3.7581,300,12.165,0,0.0,0.0
38400,13,-2.964,300,7.883,0,0.0,0.0
38700,13,-4.2101,300,23.222,0,0.0,0.0
39000,13,-20.4455,300,57.163,1,0.021335,6.4006
39300,14,-7.8544,300,38.114,0,0.0,0.0
39600,14,-5.8708,300,31.777,0,0.0,0.0
39900,14,-2.9413,300,7.837,0,0.0,0.0
40200,14,-10.2961,300,46.576,0,0.0,0.0
40500,14,-10.5838,300,48.544,0,0.0,0.0
40800,14,-4.3771,300,23.41,0,0.0,0.0
41100,14,-3.13,300,11.369,0,0.0,0.0
41400,14,-7.5649,300,29.537,0,0.0,0.0
41700,14,-12.6227,300,45.882,0,0.0,0.0
42000,14,-3.2202,300,16.079,0,0.0,0.0
42300,15,-3.6131,300,21.546,0,0.0,0.0
42600,15,-7.0109,300,33.527,0,0.0,0.0
42900,15,-7.7662,300,40.616,0,0.0,0.0
43200,15,-2.9903,300,11.062,0,0.0,0.0
43500,15,-9.1043,300,41.883,0,0.0,0.0
43800,15,-11.7251,300,47.135,0,0.0,0.0
44100,15,-3.0837,300,15.558,0,0.0,0.0
44400,15,-6.0914,300,34.232,0,0.0,0.0
44700,15,-10.1795,300,46.132,0,0.0,0.0
45000,15,-2.8299,300,13.483,0,0.0,0.0
45300,16,-4.7469,300,16.376,0,0.0,0.0
45600,16,-12.3274,300,48.622,0,0.0,0.0
45900,16,-3.0815,300,9.987,0,0.0,0.0
46200,16,-2.9597,300,9.724,0,0.0,0.0
46500,16,-2.2577,300,11.609,0,0.0,0.0
46800,16,-6.6823,300,37.681,0,0.0,0.0
47100,16,-9.1119,300,42.992,0,0.0,0.0
47400,16,-3.3012,300,10.486,0,0.0,0.0
47700,16,-13.1443,300,49.201,0,0.0,0.0
48000,16,-3.7134,300,17.438,0,0.0,0.0
48300,17,-3.6367,300,13.077,0,0.0,0.0
48600,17,-9.1732,300,43.952,0,0.0,0.0
48900,17,-7.0097,300,37.402,0,0.0,0.0
49200,17,-12.0604,300,49.955,0,0.0,0.0
49500,17,-17.3768,300,55.917,0,0.002842,0.8527
49800,17,-2.8297,300,10.078,0,0.0,0.0
50100,17,-4.4678,300,21.401,0,0.0,0.0
50400,17,-5.8982,300,29.989,0,0.0,0.0
50700,17,-2.677,300,7.808,0,0.0,0.0
51000,17,-7.6562,300,39.512,0,0.0,0.0
51300,18,-4.0319,300,20.766,0,0.0,0.0
51600,18,-2.9941,300,13.95,0,0.0,0.0
51900,18,-13.3119,300,56.134,0,0.0,0.0
52200,18,-3.5556,300,9.758,0,0.0,0.0
52500,18,-3.3301,300,20.104,0,0.0,0.0
52800,18,-2.6311,300,15.919,0,0.0,0.0
53100,18,-9.7051,300,46.16,0,0.0,0.0
53400,18,-10.7505,300,48.887,0,0.0,0.0
53700,18,-3.6489,300,24.438,0,0.0,0.0
54000,18,-4.6632,300,28.855,0,0.0,0.0
54300,19,-2.6636,300,12.37,0,0.0,0.0
54600,19,-2.7461,300,14.969,0,0.0,0.0
54900,19,-2.1539,300,6.325,0,0.0,0.0
55200,19,-5.2682,300,32.213,0,0.0,0.0
55500,19,-9.6315,300,44.451,0,0.0,0.0
55800,19,-8.2961,300,42.923,0,0.0,0.0
56100,19,-2.2304,300,8.222,0,0.0,0.0
56400,19,-4.0805,300,26.375,0,0.0,0.0
56700,19,-2.7937,300,11.324,0,0.0,0.0
57000,19,-5.2592,300,28.196,0,0.0,0.0
57300,20,-4.6234,300,32.138,0,0.0,0.0
57600,20,-2.8622,300,14.032,0,0.0,0.0
57900,20,-8.2527,300,40.077,0,0.0,0.0
58200,20,-4.5254,300,24.0,0,0.0,0.0
58500,20,-3.8573,300,22.876,0,0.0,0.0
58800,20,-2.3941,300,7.351,0,0.0,0.0
59100,20,-11.7841,300,56.789,0,0.0,0.0
59400,20,-3.9169,300,24.316,0,0.0,0.0
59700,20,-1.9586,300,5.578,0,0.0,0.0
60000,20,-2.5354,300,12.333,0,0.0,0.0
60300,21,-3.7641,300,21.195,0,0.0,0.0
60600,21,-11.4685,300,50.08,0,0.0,0.0
60900,21,-11.5312,300,51.67,0,0.0,0.0
61200,21,-2.1586,300,6.676,0,0.0,0.0
61500,21,-1.8351,300,8.035,0,0.0,0.0
61800,21,-1.8136,300,7.013,0,0.0,0.0
62100,21,-2.3797,300,12.562,0,0.0,0.0
62400,21,-2.9723,300,20.507,0,0.0,0.0
62700,21,-4.1692,300,26.688,0,0.0,0.0
63000,21,-3.6686,300,22.477,0,0.0,0.0
63300,22,-11.6213,300,53.304,0,0.0,0.0
63600,22,-11.8612,300,52.967,0,0.0,0.0
63900,22,-6.1598,300,34.86,0,0.0,0.0
64200,22,-10.7364,300,51.108,0,0.0,0.0
64500,22,-8.2839,300,44.253,0,0.0,0.0
64800,22,-3.3066,300,19.779,0,0.0,0.0
65100,22,-11.8855,300,51.404,0,0.0,0.0
65400,22,-11.437,300,52.58,0,0.0,0.0
65700,22,-11.727,300,51.155,0,0.0,0.0
66000,22,-1.8018,300,5.986,0,0.0,0.0
66300,23,-5.0824,300,30.713,0,0.0,0.0
66600,23,-2.9363,300,19.118,0,0.0,0.0
66900,23,-12.0582,300,56.762,0,0.0,0.0
67200,23,-2.377,300,13.175,0,0.0,0.0
67500,23,-2.5011,300,18.493,0,0.0,0.0
67800,23,-9.1308,300,49.308,0,0.0,0.0
68100,23,-1.9601,300,6.985,0,0.0,0.0
68400,23,-12.7309,300,55.369,0,0.0,0.0
68700,23,-7.0701,300,40.633,0,0.0,0.0
69000,23,-9.7914,300,54.452,0,0.0,0.0
69300,24,-3.7968,300,27.643,0,0.0,0.0
69600,24,-5.6785,300,34.648,0,0.0,0.0
69900,24,-11.8311,300,53.485,0,0.0,0.0
70200,24,-6.3517,300,38.732,0,0.0,0.0
70500,24,-2.8544,300,19.914,0,0.0,0.0
70800,24,-2.3607,300,10.316,0,0.0,0.0
71100,24,-10.9832,300,51.123,0,0.0,0.0
71400,24,-2.0252,300,5.55,0,0.0,0.0
71700,24,-11.7431,300,53.176,0,0.0,0.0
72000,24,-2.3585,300,17.841,0,0.0,0.0
72300,25,-2.6106,300,16.977,0,0.0,0.0
72600,25,-2.9358,300,14.326,0,0.0,0.0
72900,25,-2.3648,300,7.46,0,0.0,0.0
73200,25,-10.0299,300,52.923,0,0.0,0.0
73500,25,-5.4961,300,34.994,0,0.0,0.0
73800,25,-2.0329,300,8.637,0,0.0,0.0
74100,25,-5.4103,300,35.53,0,0.0,0.0
74400,25,-4.8385,300,34.139,0,0.0,0.0
74700,25,-2.4146,300,7.691,0,0.0,0.0
75000,25,-5.0995,300,31.733,0,0.0,0.0
75300,26,-2.7541,300,19.253,0,0.0,0.0
75600,26,-3.6616,300,25.424,0,0.0,0.0
75900,26,-7.0353,300,38.908,0,0.0,0.0
76200,26,-2.0524,300,7.43,0,0.0,0.0
76500,26,-3.4936,300,26.024,0,0.0,0.0
76800,26,-8.3349,300,44.608,0,0.0,0.0
77100,26,-3.3292,300,24.296,0,0.0,0.0
77400,26,-2.7934,300,20.622,0,0.0,0.0
77700,26,-13.002,300,55.607,0,0.0,0.0
78000,26,-4.6634,300,29.005,0,0.0,0.0
78300,27,-4.0001,300,25.309,0,0.0,0.0
78600,27,-8.143,300,44.99,0,0.0,0.0
78900,27,-9.0563,300,47.642,0,0.0,0.0
79200,27,-5.0982,300,31.581,0,0.0,0.0
79500,27,-1.7048,300,8.571,0,0.0,0.0
79800,27,-10.2646,300,54.165,0,0.0,0.0
80100,27,-5.19,300,36.434,0,0.0,0.0
80400,27,-2.8931,300,18.616,0,0.0,0.0
80700,27,-4.7551,300,34.199,0,0.0,0.0
81000,27,-3.3852,300,23.103,0,0.0,0.0
81300,28,-1.9527,300,7.829,0,0.0,0.0
81600,28,-6.0168,300,37.815,0,0.0,0.0
81900,28,-10.3057,300,48.181,0,0.0,0.0
82200,28,-1.9449,300,6.208,0,0.0,0.0
82500,28,-5.8997,300,38.005,0,0.0,0.0
82800,28,-5.5953,300,39.164,0,0.0,0.0
83100,28,-2.6696,300,21.12,0,0.0,0.0
83400,28,-8.7792,300,45.339,0,0.0,0.0
83700,28,-5.5848,300,35.926,0,0.0,0.0
84000,28,-3.4803,300,23.28,0,0.0,0.0
84300,29,-3.9571,300,28.779,0,0.0,0.0
84600,29,-2.0327,300,12.81,0,0.0,0.0
84900,29,-2.2884,300,15.89,0,0.0,0.0
85200,29,-7.4454,300,45.337,0,0.0,0.0
85500,29,-5.2807,300,33.709,0,0.0,0.0
85800,29,-3.4645,300,24.936,0,0.0,0.0
86100,29,-1.9561,300,10.247,0,0.0,0.0
86400,29,-2.2271,300,15.104,0,0.0,0.0
86700,29,-5.7909,300,36.322,0,0.0,0.0
87000,29,-5.1645,300,36.83,0,0.0,0.0
87300,30,-3.7072,300,26.123,0,0.0,0.0
87600,30,-1.4631,300,4.271,0,0.0,0.0
87900,30,-4.3704,300,30.57,0,0.0,0.0
88200,30,-6.7347,300,39.405,0,0.0,0.0
88500,30,-4.2664,300,27.664,0,0.0,0.0
88800,30,-6.5968,300,43.968,0,0.0,0.0
89100,30,-3.6039,300,26.224,0,0.0,0.0
89400,30,-2.7853,300,20.766,0,0.0,0.0
89700,30,-2.7697,300,21.206,0,0.0,0.0
90000,30,-1.8563,300,6.71,0,0.0,0.0
90300,31,-4.054,300,26.524,0,0.0,0.0
90600,31,-3.5206,300,26.039,0,0.0,0.0
90900,31,-2.0928,300,10.425,0,0.0,0.0
91200,31,-1.3388,300,3.26,0,0.0,0.0
91500,31,-3.7386,300,26.755,0,0.0,0.0
91800,31,-9.3161,300,53.379,0,0.0,0.0
92100,31,-2.2956,300,19.64,0,0.0,0.0
92400,31,-6.7392,300,41.125,0,0.0,0.0
92700,31,-11.9069,300,56.876,0,0.0,0.0
93000,31,-4.8008,300,32.987,0,0.0,0.0
93300,32,-10.0401,300,51.215,0,0.0,0.0
93600,32,-2.1051,300,14.192,0,0.0,0.0
93900,32,-7.5669,300,45.717,0,0.0,0.0
94200,32,-2.5301,300,18.1,0,0.0,0.0
94500,32,-1.6317,300,6.503,0,0.0,0.0
94800,32,-2.7521,300,17.532,0,0.0,0.0
95100,32,-2.0179,300,5.491,0,0.0,0.0
95400,32,-2.4781,300,16.321,0,0.0,0.0
95700,32,-6.1164,300,39.653,0,0.0,0.0
96000,32,-6.0123,300,39.897,0,0.0,0.0
96300,33,-3.7119,300,27.784,0,0.0,0.0
96600,33,-1.4476,300,5.573,0,0.0,0.0
96900,33,-2.3445,300,17.101,0,0.0,0.0
97200,33,-11.8675,300,55.581,0,0.0,0.0
97500,33,-1.9296,300,11.601,0,0.0,0.0
97800,33,-5.4593,300,36.855,0,0.0,0.0
98100,33,-2.0221,300,17.14,0,0.0,0.0
98400,33,-2.0056,300,9.906,0,0.0,0.0
98700,33,-3.7536,300,27.315,0,0.0,0.0
99000,33,-1.4236,300,4.749,0,0.0,0.0
99300,34,-4.158,300,31.509,0,0.0,0.0
99600,34,-1.6876,300,10.756,0,0.0,0.0
99900,34,-1.7947,300,4.757,0,0.0,0.0
100200,34,-1.8065,300,5.374,0,0.0,0.0
100500,34,-2.6833,300,17.829,0,0.0,0.0
100800,34,-2.0276,300,13.223,0,0.0,0.0
101100,34,-2.9688,300,24.406,0,0.0,0.0
101400,34,-5.5186,300,34.421,0,0.0,0.0
101700,34,-6.7951,300,43.266,0,0.0,0.0
102000,34,-1.9741,300,16.814,0,0.0,0.0
102300,35,-6.5155,300,40.838,0,0.0,0.0
102600,35,-4.1348,300,31.318,0,0.0,0.0
102900,35,-1.3431,300,6.634,0,0.0,0.0
103200,35,-2.6092,300,22.634,0,0.0,0.0
103500,35,-1.487,300,4.544,0,0.0,0.0
103800,35,-8.1386,300,46.98,0,0.0,0.0
104100,35,-1.3722,300,4.963,0,0.0,0.0
104400,35,-1.3173,300,3.862,0,0.0,0.0
104700,35,-4.5718,300,31.618,0,0.0,0.0
105000,35,-10.9242,300,53.296,0,0.0,0.0
105300,36,-2.4101,300,20.457,0,0.0,0.0
105600,36,-6.6469,300,42.957,0,0.0,0.0
105900,36,-1.4323,300,7.256,0,0.0,0.0
106200,36,-1.7197,300,11.532,0,0.0,0.0
106500,36,-1.5166,300,5.301,0,0.0,0.0
106800,36,-4.1121,300,32.504,0,0.0,0.0
107100,36,-2.3401,300,16.654,0,0.0,0.0
107400,36,-9.0782,300,48.879,0,0.0,0.0
107700,36,-1.8062,300,16.227,0,0.0,0.0
108000,36,-1.4158,300,4.695,0,0.0,0.0
108300,37,-2.732,300,19.455,0,0.0,0.0
108600,37,-9.4882,300,53.036,0,0.0,0.0
108900,37,-3.7237,300,28.344,0,0.0,0.0
109200,37,-1.8277,300,12.979,0,0.0,0.0
109500,37,-7.3865,300,43.704,0,0.0,0.0
109800,37,-2.8033,300,22.014,0,0.0,0.0
110100,37,-1.4926,300,8.743,0,0.0,0.0
110400,37,-8.4999,300,49.362,0,0.0,0.0
110700,37,-4.2918,300,32.133,0,0.0,0.0
111000,37,-1.466,300,5.406,0,0.0,0.0
111300,38,-2.7674,300,22.463,0,0.0,0.0
111600,38,-1.5052,300,5.044,0,0.0,0.0
111900,38,-4.2572,300,32.868,0,0.0,0.0
112200,38,-2.4318,300,20.585,0,0.0,0.0
112500,38,-6.1363,300,38.623,0,0.0,0.0
112800,38,-5.0362,300,35.19,0,0.0,0.0
113100,38,-10.4758,300,55.337,0,0.0,0.0
113400,38,-2.9092,300,23.998,0,0.0,0.0
113700,38,-1.6547,300,9.209,0,0.0,0.0
114000,38,-3.554,300,29.354,0,0.0,0.0
114300,39,-2.1195,300,18.16,0,0.0,0.0
114600,39,-3.4958,300,26.794,0,0.0,0.0
114900,39,-2.0918,300,16.896,0,0.0,0.0
115200,39,-6.9548,300,45.41,0,0.0,0.0
115500,39,-6.5657,300,43.332,0,0.0,0.0
115800,39,-2.2203,300,17.259,0,0.0,0.0
116100,39,-1.8285,300,14.821,0,0.0,0.0
116400,39,-1.2218,300,3.712,0,0.0,0.0
116700,39,-5.9749,300,41.463,0,0.0,0.0
117000,39,-5.3978,300,37.215,0,0.0,0.0
117300,40,-1.079,300,9.484,0,0.0,0.0
117600,40,-2.1697,300,17.162,0,0.0,0.0
117900,40,-4.0981,300,33.511,0,0.0,0.0
118200,40,-1.4756,300,4.714,0,0.0,0.0
118500,40,-2.9565,300,24.045,0,0.0,0.0
118800,40,-3.546,300,28.896,0,0.0,0.0
119100,40,-6.278,300,41.283,0,0.0,0.0
119400,40,-4.0954,300,31.408,0,0.0,0.0
119700,40,-2.2223,300,19.98,0,0.0,0.0
120000,40,-8.43,300,50.048,0,0.0,0.0
120300,41,-1.6128,300,11.421,0,0.0,0.0
120600,41,-1.1103,300,5.119,0,0.0,0.0
120900,41,-1.3541,300,10.566,0,0.0,0.0
121200,41,-6.2818,300,43.771,0,0.0,0.0
121500,41,-1.8889,300,18.784,0,0.0,0.0
121800,41,-6.4247,300,43.685,0,0.0,0.0
122100,41,-2.7267,300,24.027,0,0.0,0.0
122400,41,-7.643,300,50.533,0,0.0,0.0
122700,41,-5.2437,300,36.904,0,0.0,0.0
123000,41,-4.3701,300,36.176,0,0.0,0.0
123300,42,-6.3478,300,42.627,0,0.0,0.0
123600,42,-6.0956,300,42.667,0,0.0,0.0
123900,42,-1.675,300,16.097,0,0.0,0.0
124200,42,-3.6312,300,29.691,0,0.0,0.0
124500,42,-1.4283,300,7.515,0,0.0,0.0
124800,42,-1.5921,300,9.088,0,0.0,0.0
125100,42,-10.7313,300,56.193,0,0.0,0.0
125400,42,-1.258,300,3.657,0,0.0,0.0
125700,42,-9.7198,300,53.495,0,0.0,0.0
126000,42,-9.642,300,51.731,0,0.0,0.0
126300,43,-1.6277,300,9.783,0,0.0,0.0
126600,43,-6.7436,300,46.722,0,0.0,0.0
126900,43,-6.9086,300,46.702,0,0.0,0.0
127200,43,-4.7426,300,37.467,0,0.0,0.0
127500,43,-2.7586,300,24.144,0,0.0,0.0
127800,43,-11.0797,300,56.748,0,0.004827,1.4481
128100,43,-1.712,300,16.041,0,0.0,0.0
128400,43,-1.3267,300,7.287,0,0.0,0.0
128700,43,-4.5349,300,34.903,0,0.0,0.0
129000,43,-8.0655,300,48.857,0,0.0,0.0
129300,44,-5.9148,300,42.123,0,0.0,0.0
129600,44,-5.9726,300,43.234,0,0.0,0.0
129900,44,-1.2028,300,4.621,0,0.0,0.0
130200,44,-2.6186,300,24.936,0,0.0,0.0
130500,44,-1.7829,300,12.506,0,0.0,0.0
130800,44,-1.3764,300,4.019,0,0.0,0.0
131100,44,-4.1051,300,34.46,0,0.0,0.0
131400,44,-2.8827,300,24.585,0,0.0,0.0
131700,44,-1.101,300,5.41,0,0.0,0.0
132000,44,-6.6793,300,47.594,0,0.0,0.0
132300,45,-2.3569,300,20.726,0,0.0,0.0
132600,45,-1.8322,300,16.916,0,0.0,0.0
132900,45,-3.1417,300,25.293,0,0.0,0.0
133200,45,-7.0326,300,44.895,0,0.0,0.0
133500,45,-6.2431,300,42.061,0,0.0,0.0
133800,45,-1.4918,300,12.127,0,0.0,0.0
134100,45,-2.5,300,23.723,0,0.0,0.0
134400,45,-1.474,300,5.562,0,0.0,0.0
134700,45,-4.1174,300,34.216,0,0.0,0.0
135000,45,-2.7676,300,26.372,0,0.0,0.0
135300,46,-3.376,300,28.168,0,0.0,0.0
135600,46,-10.6504,300,55.39,0,0.0,0.0
135900,46,-10.621,300,55.805,0,0.0,0.0
136200,46,-1.9485,300,17.401,0,0.0,0.0
136500,46,-1.4585,300,12.255,0,0.0,0.0
136800,46,-2.5279,300,22.793,0,0.0,0.0
137100,46,-2.8405,300,27.295,0,0.0,0.0
137400,46,-4.2444,300,35.68,0,0.0,0.0
137700,46,-6.4045,300,44.566,0,0.0,0.0
138000,46,-4.7058,300,36.451,0,0.0,0.0
138300,47,-1.5641,300,11.034,0,0.0,0.0
138600,47,-1.2223,300,4.439,0,0.0,0.0
138900,47,-4.8526,300,34.059,0,0.0,0.0
139200,47,-4.6345,300,37.893,0,0.0,0.0
139500,47,-1.5092,300,5.222,0,0.0,0.0
139800,47,-3.0144,300,26.845,0,0.0,0.0
140100,47,-1.9562,300,19.351,0,0.0,0.0
140400,47,-2.6194,300,26.147,0,0.0,0.0
140700,47,-1.4439,300,10.013,0,0.0,0.0
141000,47,-5.6477,300,42.882,0,0.0,0.0
141300,48,-2.3894,300,23.241,0,0.0,0.0
141600,48,-9.4485,300,56.688,0,0.0,0.0
141900,48,-1.3548,300,9.137,0,0.0,0.0
142200,48,-1.3921,300,11.214,0,0.0,0.0
142500,48,-1.5416,300,9.596,0,0.0,0.0
142800,48,-1.4746,300,11.376,0,0.0,0.0
143100,48,-6.523,300,45.088,0,0.0,0.0
143400,48,-2.7931,300,24.876,0,0.0,0.0
143700,48,-7.5059,300,46.607,0,0.0,0.0
144000,48,-3.0481,300,29.415,0,0.0,0.0
144300,49,-1.1183,300,4.302,0,0.0,0.0
144600,49,-3.1104,300,29.195,0,0.0,0.0
144900,49,-1.3704,300,7.451,0,0.0,0.0
145200,49,-2.5653,300,26.936,0,0.0,0.0
145500,49,-8.6382,300,51.766,0,0.0,0.0
145800,49,-4.1105,300,35.269,0,0.0,0.0
146100,49,-3.6109,300,32.308,0,0.0,0.0
146400,49,-3.9522,300,32.839,0,0.0,0.0
146700,49,-10.0232,300,55.281,0,0.0,0.0
147000,49,-7.8592,300,49.81,0,0.0,0.0
147300,50,-2.3896,300,20.232,0,0.0,0.0
147600,50,-1.076,300,3.985,0,0.0,0.0
147900,50,-3.7994,300,30.428,0,0.0,0.0
148200,50,-2.6181,300,26.324,0,0.0,0.0
148500,50,-2.7842,300,25.67,0,0.0,0.0
148800,50,-2.395,300,22.95,0,0.0,0.0
149100,50,-5.6333,300,39.985,0,0.0,0.0
149400,50,-5.2202,300,40.662,0,0.0,0.0
149700,50,-4.075,300,36.183,0,0.0,0.0
150000,50,-2.3665,300,24.105,0,0.0,0.0
150300,51,-1.2447,300,6.696,0,0.0,0.0
150600,51,-8.5563,300,52.66,0,0.0,0.0
150900,51,-1.1537,300,4.08,0,0.0,0.0
151200,51,-1.6568,300,16.192,0,0.0,0.0
151500,51,-7.4979,300,48.54,0,0.0,0.0
151800,51,-1.2986,300,7.096,0,0.0,0.0
152100,51,-9.4347,300,56.674,0,0.0,0.0
152400,51,-2.0844,300,20.413,0,0.0,0.0
152700,51,-1.7647,300,16.807,0,0.0,0.0
153000,51,-7.8576,300,49.005,0,0.0,0.0
153300,52,-6.442,300,43.83,0,0.0,0.0
153600,52,-3.8701,300,32.363,0,0.0,0.0
153900,52,-6.6095,300,47.163,0,0.0,0.0
154200,52,-3.1217,300,28.104,0,0.0,0.0
154500,52,-6.957,300,46.69,0,0.0,0.0
154800,52,-9.7695,300,54.728,0,0.0,0.0
155100,52,-4.8454,300,38.328,0,0.0,0.0
155400,52,-1.0987,300,4.672,0,0.0,0.0
155700,52,-4.0683,300,34.071,0,0.0,0.0
156000,52,-4.0004,300,29.902,0,0.0,0.0
156300,53,-2.6272,300,24.264,0,0.0,0.0
156600,53,-4.1397,300,33.949,0,0.0,0.0
156900,53,-1.297,300,5.289,0,0.0,0.0
157200,53,-5.1018,300,36.997,0,0.0,0.0
157500,53,-7.1009,300,46.17,0,0.0,0.0
157800,53,-3.3907,300,27.89,0,0.0,0.0
158100,53,-3.8846,300,33.539,0,0.0,0.0
158400,53,-8.7587,300,55.569,0,0.0,0.0
158700,53,-1.5229,300,14.791,0,0.0,0.0
159000,53,-4.0028,300,35.024,0,0.0,0.0
159300,54,-1.3656,300,12.22,0,0.0,0.0
159600,54,-3.3859,300,31.698,0,0.0,0.0
159900,54,-2.5119,300,26.74,0,0.0,0.0
160200,54,-2.8478,300,28.042,0,0.0,0.0
160500,54,-0.9828,300,3.116,0,0.0,0.0
160800,54,-6.5011,300,45.892,0,0.0,0.0
161100,54,-1.8545,300,16.053,0,0.0,0.0
161400,54,-7.1456,300,47.843,0,0.0,0.0
161700,54,-3.9757,300,32.891,0,0.0,0.0
162000,54,-4.2982,300,33.836,0,0.0,0.0
162300,55,-10.1241,300,56.976,1,0.006677,2.003
162600,55,-1.2677,300,7.974,0,0.0,0.0
162900,55,-3.7137,300,33.859,0,0.0,0.0
163200,55,-1.5439,300,13.1,0,0.0,0.0
163500,55,-1.1178,300,5.055,0,0.0,0.0
163800,55,-1.6348,300,13.677,0,0.0,0.0
164100,55,-7.906,300,46.838,0,0.0,0.0
164400,55,-1.7944,300,18.106,0,0.0,0.0
164700,55,-1.2165,300,5.944,0,0.0,0.0
165000,55,-6.7271,300,43.073,0,0.0,0.0
165300,56,-8.5059,300,51.982,0,0.0,0.0
165600,56,-6.1624,300,45.585,0,0.0,0.0
165900,56,-4.4718,300,35.696,0,0.0,0.0
166200,56,-4.4947,300,36.883,0,0.0,0.0
166500,56,-6.3231,300,43.785,0,0.0,0.0
166800,56,-1.2013,300,5.514,0,0.0,0.0
167100,56,-7.9979,300,53.632,0,0.0,0.0
167400,56,-1.3013,300,10.116,0,0.0,0.0
167700,56,-1.6301,300,14.599,0,0.0,0.0
168000,56,-3.658,300,34.467,0,0.0,0.0
168300,57,-1.4964,300,12.698,0,0.0,0.0
168600,57,-1.1694,300,7.798,0,0.0,0.0
168900,57,-3.7979,300,33.331,0,0.0,0.0
169200,57,-9.5934,300,56.898,0,0.0,0.0
169500,57,-2.4803,300,26.251,0,0.0,0.0
169800,57,-6.0619,300,44.377,0,0.0,0.0
170100,57,-5.895,300,43.986,0,0.0,0.0
170400,57,-1.3314,300,9.82,0,0.0,0.0
170700,57,-4.8028,300,39.521,0,0.0,0.0
171000,57,-3.4918,300,28.521,0,0.0,0.0
171300,58,-4.4441,300,34.915,0,0.0,0.0
171600,58,-0.9439,300,2.946,0,0.0,0.0
171900,58,-9.3803,300,54.798,0,0.0,0.0
172200,58,-8.5386,300,50.792,0,0.0,0.0
172500,58,-6.0098,300,43.58,0,0.0,0.0
172800,58,-3.891,300,34.532,0,0.0,0.0
173100,58,-1.0378,300,3.346,0,0.0,0.0
173400,58,-10.2086,300,56.882,0,0.0,0.0
173700,58,-7.021,300,46.077,0,0.0,0.0
174000,58,-5.732,300,43.536,0,0.0,0.0
174300,59,-1.4153,300,15.119,0,0.0,0.0
174600,59,-3.5461,300,33.2,0,0.0,0.0
174900,59,-2.0935,300,18.807,0,0.0,0.0
175200,59,-0.7751,300,6.486,0,0.0,0.0
175500,59,-8.4626,300,53.83,0,0.0,0.0
175800,59,-6.0968,300,43.132,0,0.0,0.0
176100,59,-5.3882,300,40.016,0,0.0,0.0
176400,59,-2.4445,300,25.073,0,0.0,0.0
176700,59,-0.9489,300,3.194,0,0.0,0.0
177000,59,-6.487,300,44.647,0,0.0,0.0
177300,60,-6.4989,300,42.807,0,0.0,0.0
177600,60,-1.7844,300,19.469,0,0.0,0.0
177900,60,-1.1926,300,5.605,0,0.0,0.0
178200,60,-1.159,300,9.54,0,0.0,0.0
178500,60,-1.117,300,7.679,0,0.0,0.0
178800,60,-1.0332,300,8.281,0,0.0,0.0
179100,60,-2.4598,300,24.899,0,0.0,0.0
179400,60,-1.302,300,13.594,0,0.0,0.0
179700,60,-1.5453,300,15.313,0,0.0,0.0
180000,60,-2.4813,300,25.442,0,0.0,0.0
180300,61,-6.0152,300,42.905,0,0.0,0.0
180600,61,-5.6454,300,43.21,0,0.0,0.0
180900,61,-1.8098,300,17.555,0,0.0,0.0
181200,61,-7.8091,300,53.15,0,0.0,0.0
181500,61,-2.3813,300,25.356,0,0.0,0.0
181800,61,-3.3156,300,29.324,0,0.0,0.0
182100,61,-2.5054,300,26.173,0,0.0,0.0
182400,61,-5.968,300,42.319,0,0.0,0.0
182700,61,-7.1712,300,49.454,0,0.0,0.0
183000,61,-1.1174,300,6.569,0,0.0,0.0
183300,62,-3.1875,300,31.215,0,0.0,0.0
183600,62,-1.1045,300,11.38,0,0.0,0.0
183900,62,-2.6959,300,28.227,0,0.0,0.0
184200,62,-2.8672,300,28.086,0,0.0,0.0
184500,62,-1.6775,300,17.669,0,0.0,0.0
184800,62,-9.0086,300,54.973,0,0.0,0.0
185100,62,-7.4552,300,49.168,0,0.0,0.0
185400,62,-1.6114,300,15.596,0,0.0,0.0
185700,62,-0.9762,300,3.698,0,0.0,0.0
186000,62,-1.2282,300,6.986,0,0.0,0.0
186300,63,-4.0134,300,33.448,0,0.0,0.0
186600,63,-8.4802,300,53.219,0,0.0,0.0
186900,63,-2.8915,300,27.197,0,0.0,0.0
187200,63,-1.2681,300,12.747,0,0.0,0.0
187500,63,-1.184,300,7.882,0,0.0,0.0
187800,63,-3.3636,300,32.995,0,0.0,0.0
188100,63,-2.4305,300,24.172,0,0.0,0.0
188400,63,-4.3069,300,35.124,0,0.0,0.0
188700,63,-8.4122,300,53.726,0,0.0,0.0
189000,63,-2.7406,300,27.452,0,0.0,0.0
189300,64,-3.1051,300,32.137,0,0.0,0.0
189600,64,-3.4623,300,33.751,0,0.0,0.0
189900,64,-2.2556,300,25.492,0,0.0,0.0
190200,64,-2.6416,300,27.648,0,0.0,0.0
190500,64,-0.9404,300,4.516,0,0.0,0.0
190800,64,-4.3187,300,38.05,0,0.0,0.0
191100,64,-2.4098,300,25.084,0,0.0,0.0
191400,64,-5.0206,300,41.741,0,0.0,0.0
191700,64,-1.4602,300,13.049,0,0.0,0.0
192000,64,-1.4048,300,16.124,0,0.0,0.0
192300,65,-1.915,300,20.653,0,0.0,0.0
192600,65,-1.0152,300,3.564,0,0.0,0.0
192900,65,-3.2018,300,32.099,0,0.0,0.0
193200,65,-1.389,300,15.137,0,0.0,0.0
193500,65,-1.3448,300,14.538,0,0.0,0.0
193800,65,-6.1837,300,45.223,0,0.0,0.0
194100,65,-4.026,300,37.379,0,0.0,0.0
194400,65,-6.3707,300,46.946,0,0.0,0.0
194700,65,-2.7669,300,27.282,0,0.0,0.0
195000,65,-0.9805,300,3.53,0,0.0,0.0
195300,66,-7.8589,300,51.316,0,0.0,0.0
195600,66,-1.5787,300,17.183,0,0.0,0.0
195900,66,-3.7021,300,33.416,0,0.0,0.0
196200,66,-3.0746,300,29.945,0,0.0,0.0
196500,66,-7.2353,300,50.216,0,0.0,0.0
196800,66,-2.8688,300,28.852,0,0.0,0.0
197100,66,-5.5556,300,40.638,0,0.0,0.0
197400,66,-7.3482,300,50.823,0,0.0,0.0
197700,66,-1.841,300,21.242,0,0.0,0.0
198000,66,-1.5487,300,15.456,0,0.0,0.0
198300,67,-1.4615,300,17.51,0,0.0,0.0
198600,67,-5.1961,300,40.793,0,0.0,0.0
198900,67,-6.5215,300,45.591,0,0.0,0.0
199200,67,-0.8707,300,6.787,0,0.0,0.0
199500,67,-6.1192,300,46.378,0,0.0,0.0
199800,67,-1.0339,300,7.666,0,0.0,0.0
200100,67,-2.6182,300,27.502,0,0.0,0.0
200400,67,-1.036,300,7.058,0,0.0,0.0
200700,67,-1.2965,300,13.204,0,0.0,0.0
201000,67,-8.1025,300,53.143,0,0.0,0.0
201300,68,-2.5148,300,25.213,0,0.0,0.0
201600,68,-3.0202,300,31.218,0,0.0,0.0
201900,68,-2.6479,300,27.992,0,0.0,0.0
202200,68,-1.2516,300,14.392,0,0.0,0.0
202500,68,-3.2874,300,33.599,0,0.0,0.0
202800,68,-1.1606,300,10.357,0,0.0,0.0
203100,68,-1.8047,300,20.849,0,0.0,0.0
203400,68,-8.2105,300,53.891,0,0.0,0.0
203700,68,-1.7742,300,20.374,0,0.0,0.0
204000,68,-1.5598,300,18.85,0,0.0,0.0
204300,69,-3.7875,300,33.8,0,0.0,0.0
204600,69,-0.9098,300,5.564,0,0.0,0.0
204900,69,-1.8757,300,19.759,0,0.0,0.0
205200,69,-6.7843,300,50.473,0,0.0,0.0
205500,69,-1.2694,300,15.174,0,0.0,0.0
205800,69,-0.9132,300,7.572,0,0.0,0.0
206100,69,-5.3923,300,41.426,0,0.0,0.0
206400,69,-1.0214,300,5.667,0,0.0,0.0
206700,69,-1.1611,300,13.188,0,0.0,0.0
207000,69,-1.0362,300,7.997,0,0.0,0.0
207300,70,-0.7437,300,3.288,0,0.0,0.0
207600,70,-1.0391,300,11.085,0,0.0,0.0
207900,70,-6.4787,300,47.417,0,0.0,0.0
208200,70,-6.5733,300,47.266,0,0.0,0.0
208500,70,-8.6648,300,56.5,0,0.0,0.0
208800,70,-5.6497,300,44.787,0,0.0,0.0
209100,70,-7.1542,300,50.893,0,0.0,0.0
209400,70,-3.5014,300,34.854,0,0.0,0.0
209700,70,-6.1895,300,44.44,0,0.0,0.0
210000,70,-0.9397,300,7.169,0,0.0,0.0
210300,71,-2.9056,300,28.309,0,0.0,0.0
210600,71,-1.1358,300,10.931,0,0.0,0.0
210900,71,-5.062,300,41.763,0,0.0,0.0
211200,71,-1.4726,300,17.985,0,0.0,0.0
211500,71,-5.5904,300,45.526,0,0.0,0.0
211800,71,-1.4378,300,13.623,0,0.0,0.0
212100,71,-1.6296,300,19.254,0,0.0,0.0
212400,71,-0.8642,300,3.357,0,0.0,0.0
212700,71,-5.0572,300,40.036,0,0.0,0.0
213000,71,-3.1706,300,31.436,0,0.0,0.0
213300,72,-3.1701,300,33.946,0,0.0,0.0
213600,72,-5.6766,300,45.023,0,0.0,0.0
213900,72,-1.4849,300,16.646,0,0.0,0.0
214200,72,-4.774,300,37.984,0,0.0,0.0
214500,72,-5.1714,300,42.588,0,0.0,0.0
214800,72,-0.7545,300,2.361,0,0.0,0.0
215100,72,-0.7138,300,2.824,0,0.0,0.0
215400,72,-1.4426,300,17.817,0,0.0,0.0
215700,72,-4.6163,300,41.42,0,0.0,0.0
216000,72,-1.7227,300,18.664,0,0.0,0.0
216300,73,-2.2365,300,25.04,0,0.0,0.0
216600,73,-0.9877,300,3.111,0,0.0,0.0
216900,73,-2.4169,300,27.674,0,0.0,0.0
217200,73,-3.1155,300,30.907,0,0.0,0.0
217500,73,-3.4919,300,34.322,0,0.0,0.0
217800,73,-2.1563,300,24.876,0,0.0,0.0
218100,73,-8.45,300,56.809,1,0.0,0.0
218400,73,-0.9163,300,3.505,0,0.0,0.0
218700,73,-8.1513,300,53.422,0,0.0,0.0
219000,73,-1.1808,300,13.855,0,0.0,0.0
219300,74,-0.8394,300,7.99,0,0.0,0.0
219600,74,-1.3006,300,14.839,0,0.0,0.0
219900,74,-6.6658,300,48.26,0,0.0,0.0
220200,74,-2.4233,300,27.743,0,0.0,0.0
220500,74,-3.3877,300,34.576,0,0.0,0.0
220800,74,-0.788,300,5.309,0,0.0,0.0
221100,74,-1.1728,300,12.015,0,0.0,0.0
221400,74,-1.2845,300,15.532,0,0.0,0.0
221700,74,-4.2777,300,39.395,0,0.0,0.0
222000,74,-0.9182,300,6.935,0,0.0,0.0
222300,75,-1.0803,300,13.981,0,0.0,0.0
222600,75,-4.9444,300,41.728,0,0.0,0.0
222900,75,-3.903,300,37.231,0,0.0,0.0
223200,75,-2.3288,300,25.951,0,0.0,0.0
223500,75,-2.7732,300,29.298,0,0.0,0.0
223800,75,-4.1371,300,37.942,0,0.0,0.0
224100,75,-6.4909,300,47.071,0,0.0,0.0
224400,75,-1.0438,300,10.313,0,0.0,0.0
224700,75,-1.5823,300,18.903,0,0.0,0.0
225000,75,-2.0831,300,24.79,0,0.0,0.0
225300,76,-5.0399,300,43.139,0,0.0,0.0
225600,76,-3.0884,300,31.336,0,0.0,0.0
225900,76,-2.3081,300,26.686,0,0.0,0.0
226200,76,-0.9255,300,10.987,0,0.0,0.0
226500,76,-6.6302,300,49.286,0,0.0,0.0
226800,76,-2.7354,300,26.698,0,0.0,0.0
227100,76,-2.0773,300,23.702,0,0.0,0.0
227400,76,-7.6452,300,50.002,0,0.0,0.0
227700,76,-5.3246,300,44.273,0,0.0,0.0
228000,76,-3.5377,300,33.933,0,0.0,0.0
228300,77,-4.885,300,40.666,0,0.0,0.0
228600,77,-7.4033,300,52.132,0,0.0,0.0
228900,77,-1.1686,300,14.508,0,0.0,0.0
229200,77,-2.079,300,24.427,0,0.0,0.0
229500,77,-5.7526,300,46.819,0,0.0,0.0
229800,77,-1.2537,300,15.289,0,0.0,0.0
230100,77,-1.6478,300,19.184,0,0.0,0.0
230400,77,-1.2658,300,15.542,0,0.0,0.0
230700,77,-2.0036,300,23.22,0,0.0,0.0
231000,77,-1.6194,300,20.087,0,0.0,0.0
231300,78,-5.267,300,44.22,0,0.0,0.0
231600,78,-0.8982,300,8.608,0,0.0,0.0
231900,78,-1.2472,300,15.922,0,0.0,0.0
232200,78,-1.002,300,8.176,0,0.0,0.0
232500,78,-2.4561,300,28.114,0,0.0,0.0
232800,78,-1.0549,300,10.308,0,0.0,0.0
233100,78,-5.8249,300,45.875,0,0.0,0.0
233400,78,-3.4281,300,34.741,0,0.0,0.0
233700,78,-2.1539,300,23.131,0,0.0,0.0
234000,78,-5.8323,300,44.898,0,0.0,0.0
234300,79,-3.6534,300,35.751,0,0.0,0.0
234600,79,-0.7429,300,7.763,0,0.0,0.0
234900,79,-3.3179,300,30.449,0,0.0,0.0
235200,79,-6.3192,300,47.225,0,0.0,0.0
235500,79,-0.7262,300,2.566,0,0.0,0.0
235800,79,-6.4601,300,45.877,0,0.0,0.0
236100,79,-2.8961,300,30.688,0,0.0,0.0
236400,79,-2.474,300,27.73,0,0.0,0.0
236700,79,-2.4274,300,28.118,0,0.0,0.0
237000,79,-1.1709,300,12.685,0,0.0,0.0
237300,80,-6.3086,300,48.156,0,0.0,0.0
237600,80,-1.7259,300,17.672,0,0.0,0.0
237900,80,-0.6596,300,3.581,0,0.0,0.0
238200,80,-3.532,300,33.004,0,0.0,0.0
238500,80,-2.0315,300,23.236,0,0.0,0.0
238800,80,-4.3519,300,39.901,0,0.0,0.0
239100,80,-1.0336,300,11.191,0,0.0,0.0
239400,80,-0.8327,300,3.675,0,0.0,0.0
239700,80,-1.8084,300,22.895,0,0.0,0.0
240000,80,-1.5701,300,19.286,0,0.0,0.0
240300,81,-3.8623,300,37.786,0,0.0,0.0
240600,81,-0.9164,300,4.722,0,0.0,0.0
240900,81,-2.2789,300,23.948,0,0.0,0.0
241200,81,-7.3952,300,52.738,0,0.0,0.0
241500,81,-1.4985,300,19.4,0,0.0,0.0
241800,81,-2.0606,300,23.833,0,0.0,0.0
242100,81,-5.937,300,47.355,0,0.0,0.0
242400,81,-5.6649,300,46.337,0,0.0,0.0
242700,81,-0.653,300,2.821,0,0.0,0.0
243000,81,-2.5364,300,27.713,0,0.0,0.0
243300,82,-1.0292,300,10.982,0,0.0,0.0
243600,82,-7.2076,300,49.381,0,0.0,0.0
243900,82,-2.9561,300,31.574,0,0.0,0.0
244200,82,-8.9585,300,54.085,0,0.0,0.0
244500,82,-7.2102,300,49.468,0,0.0,0.0
244800,82,-7.0296,300,50.689,0,0.0,0.0
245100,82,-1.1935,300,14.926,0,0.0,0.0
245400,82,-2.3548,300,26.048,0,0.0,0.0
245700,82,-1.8352,300,18.732,0,0.0,0.0
246000,82,-4.7105,300,39.982,0,0.0,0.0
246300,83,-4.7685,300,39.395,0,0.0,0.0
246600,83,-0.9808,300,8.57,0,0.0,0.0
246900,83,-1.8398,300,20.912,0,0.0,0.0
247200,83,-7.8697,300,52.391,0,0.0,0.0
247500,83,-1.9404,300,22.957,0,0.0,0.0
247800,83,-7.0413,300,52.453,0,0.0,0.0
248100,83,-1.4974,300,18.167,0,0.0,0.0
248400,83,-0.8642,300,11.354,0,0.0,0.0
248700,83,-1.851,300,22.142,0,0.0,0.0
249000,83,-1.6719,300,20.17,0,0.0,0.0
249300,84,-3.755,300,36.546,0,0.0,0.0
249600,84,-0.997,300,8.851,0,0.0,0.0
249900,84,-7.9371,300,55.167,0,0.0,0.0
250200,84,-1.7954,300,22.997,0,0.0,0.0
250500,84,-0.9355,300,7.578,0,0.0,0.0
250800,84,-2.1663,300,25.06,0,0.0,0.0
251100,84,-4.2024,300,38.86,0,0.0,0.0
251400,84,-6.3567,300,46.536,0,0.0,0.0
251700,84,-1.714,300,21.872,0,0.0,0.0
252000,84,-1.3462,300,17.634,0,0.0,0.0
252300,85,-2.8458,300,30.313,0,0.0,0.0
252600,85,-6.8383,300,48.524,0,0.0,0.0
252900,85,-1.6336,300,20.395,0,0.0,0.0
253200,85,-2.6759,300,30.187,0,0.0,0.0
253500,85,-0.9862,300,12.124,0,0.0,0.0
253800,85,-8.707,300,54.342,0,0.0,0.0
254100,85,-0.7573,300,7.49,0,0.0,0.0
254400,85,-0.915,300,9.484,0,0.0,0.0
254700,85,-0.8744,300,8.842,0,0.0,0.0
255000,85,-3.9075,300,38.094,0,0.0,0.0
255300,86,-2.1245,300,23.94,0,0.0,0.0
255600,86,-0.9994,300,10.664,0,0.0,0.0
255900,86,-0.7687,300,5.316,0,0.0,0.0
256200,86,-6.2445,300,48.95,0,0.0,0.0
256500,86,-3.9118,300,35.51,0,0.0,0.0
256800,86,-0.847,300,5.93,0,0.0,0.0
257100,86,-1.5765,300,20.012,0,0.0,0.0
257400,86,-4.5432,300,40.531,0,0.0,0.0
257700,86,-0.6807,300,5.201,0,0.0,0.0
258000,86,-2.2068,300,25.893,0,0.0,0.0
258300,87,-0.7729,300,6.923,0,0.0,0.0
258600,87,-3.7677,300,36.235,0,0.0,0.0
258900,87,-8.3668,300,55.752,0,0.0,0.0
259200,87,-0.6848,300,4.746,0,0.0,0.0
259500,87,-1.6719,300,20.365,0,0.0,0.0
259800,87,-2.923,300,31.017,0,0.0,0.0
260100,87,-0.6925,300,5.518,0,0.0,0.0
260400,87,-5.5929,300,46.374,0,0.0,0.0
260700,87,-7.4067,300,53.521,0,0.0,0.0
261000,87,-5.0218,300,42.482,0,0.0,0.0
261300,88,-7.299,300,53.721,0,0.0,0.0
261600,88,-1.0558,300,12.272,0,0.0,0.0
261900,88,-1.6396,300,21.222,0,0.0,0.0
262200,88,-5.7518,300,46.882,0,0.0,0.0
262500,88,-3.5109,300,36.505,0,0.0,0.0
262800,88,-2.4332,300,27.432,0,0.0,0.0
263100,88,-4.6292,300,39.544,0,0.0,0.0
263400,88,-6.3685,300,50.186,0,0.0,0.0
263700,88,-1.8547,300,22.878,0,0.0,0.0
264000,88,-0.863,300,6.625,0,0.0,0.0
264300,89,-8.3726,300,57.072,1,0.0,0.0
264600,89,-4.5333,300,41.078,0,0.0,0.0
264900,89,-1.397,300,17.136,0,0.0,0.0
265200,89,-8.1683,300,52.493,0,0.0,0.0
265500,89,-8.0591,300,55.836,0,0.0,0.0
265800,89,-1.7065,300,21.679,0,0.0,0.0
266100,89,-0.9144,300,11.168,0,0.0,0.0
266400,89,-1.1167,300,13.857,0,0.0,0.0
266700,89,-0.7523,300,5.164,0,0.0,0.0
267000,89,-0.9348,300,11.34,0,0.0,0.0
267300,90,-0.9396,300,7.641,0,0.0,0.0
267600,90,-4.267,300,39.485,0,0.0,0.0
267900,90,-7.5203,300,54.77,0,0.0,0.0
268200,90,-6.7239,300,49.09,0,0.0,0.0
268500,90,-0.7019,300,2.949,0,0.0,0.0
268800,90,-5.6702,300,45.62,0,0.0,0.0
269100,90,-1.2047,300,14.659,0,0.0,0.0
269400,90,-1.745,300,22.196,0,0.0,0.0
269700,90,-0.9103,300,3.384,0,0.0,0.0
270000,90,-0.8457,300,8.096,0,0.0,0.0
270300,91,-1.2638,300,14.508,0,0.0,0.0
270600,91,-0.6175,300,4.37,0,0.0,0.0
270900,91,-6.0008,300,45.073,0,0.0,0.0
271200,91,-1.4832,300,19.839,0,0.0,0.0
271500,91,-1.8125,300,21.042,0,0.0,0.0
271800,91,-0.8329,300,6.822,0,0.0,0.0
272100,91,-4.0076,300,37.795,0,0.0,0.0
272400,91,-0.7704,300,6.39,0,0.0,0.0
272700,91,-3.7009,300,37.091,0,0.0,0.0
273000,91,-0.7243,300,2.795,0,0.0,0.0
273300,92,-6.9779,300,49.907,0,0.0,0.0
273600,92,-0.8579,300,2.86,0,0.0,0.0
273900,92,-3.0959,300,33.18,0,0.0,0.0
274200,92,-1.6505,300,22.115,0,0.0,0.0
274500,92,-0.7386,300,4.873,0,0.0,0.0
274800,92,-1.3133,300,16.253,0,0.0,0.0
275100,92,-2.0618,300,22.586,0,0.0,0.0
275400,92,-7.2005,300,51.795,0,0.0,0.0
275700,92,-1.3454,300,18.035,0,0.0,0.0
276000,92,-6.2114,300,47.061,0,0.0,0.0
276300,93,-2.0192,300,24.443,0,0.0,0.0
276600,93,-0.9688,300,10.103,0,0.0,0.0
276900,93,-6.9073,300,48.339,0,0.0,0.0
277200,93,-7.5454,300,54.391,0,0.0,0.0
277500,93,-1.3075,300,15.384,0,0.0,0.0
277800,93,-0.7643,300,4.02,0,0.0,0.0
278100,93,-6.9008,300,51.501,0,0.0,0.0
278400,93,-2.1489,300,25.149,0,0.0,0.0
278700,93,-5.7985,300,46.991,0,0.0,0.0
279000,93,-0.7977,300,2.327,0,0.0,0.0
279300,94,-0.8648,300,6.301,0,0.0,0.0
279600,94,-5.3245,300,44.539,0,0.0,0.0
279900,94,-1.3956,300,16.807,0,0.0,0.0
280200,94,-0.7165,300,2.716,0,0.0,0.0
280500,94,-1.4886,300,19.083,0,0.0,0.0
280800,94,-4.0525,300,38.711,0,0.0,0.0
281100,94,-3.8707,300,37.111,0,0.0,0.0
281400,94,-1.6019,300,21.255,0,0.0,0.0
281700,94,-1.3131,300,17.585,0,0.0,0.0
282000,94,-2.1444,300,22.968,0,0.0,0.0
282300,95,-0.8179,300,7.581,0,0.0,0.0
282600,95,-7.8863,300,53.455,0,0.0,0.0
282900,95,-0.8642,300,10.108,0,0.0,0.0
283200,95,-1.979,300,24.199,0,0.0,0.0
283500,95,-1.9931,300,23.001,0,0.0,0.0
283800,95,-7.8607,300,54.604,0,0.0,0.0
284100,95,-8.3793,300,56.127,0,0.0,0.0
284400,95,-3.9905,300,38.232,0,0.0,0.0
284700,95,-1.5818,300,18.371,0,0.0,0.0
285000,95,-8.4309,300,56.993,0,0.0,0.0
285300,96,-2.2029,300,25.876,0,0.0,0.0
285600,96,-4.7021,300,41.195,0,0.0,0.0
285900,96,-1.4497,300,18.357,0,0.0,0.0
286200,96,-6.5914,300,49.695,0,0.0,0.0
286500,96,-5.0222,300,43.315,0,0.0,0.0
286800,96,-1.6514,300,22.187,0,0.0,0.0
287100,96,-1.9975,300,24.506,0,0.0,0.0
287400,96,-6.5428,300,49.301,0,0.0,0.0
287700,96,-4.5822,300,41.252,0,0.0,0.0
288000,96,-3.0186,300,33.035,0,0.0,0.0
288300,97,-4.0955,300,39.89,0,0.0,0.0
288600,97,-1.3242,300,17.341,0,0.0,0.0
288900,97,-5.975,300,47.922,0,0.0,0.0
289200,97,-5.9629,300,45.018,0,0.0,0.0
289500,97,-4.5644,300,40.831,0,0.0,0.0
289800,97,-7.0267,300,51.532,0,0.0,0.0
290100,97,-4.7774,300,39.672,0,0.0,0.0
290400,97,-2.7991,300,29.821,0,0.0,0.0
290700,97,-1.2987,300,15.555,0,0.0,0.0
291000,97,-1.9059,300,23.956,0,0.0,0.0
291300,98,-6.3733,300,47.238,0,0.0,0.0
291600,98,-7.9419,300,52.172,0,0.0,0.0
291900,98,-1.7854,300,22.37,0,0.0,0.0
292200,98,-3.625,300,35.462,0,0.0,0.0
292500,98,-2.3184,300,27.409,0,0.0,0.0
292800,98,-2.0993,300,24.515,0,0.0,0.0
293100,98,-5.2298,300,43.835,0,0.0,0.0
293400,98,-4.6122,300,40.838,0,0.0,0.0
293700,98,-2.1751,300,26.065,0,0.0,0.0
294000,98,-2.2797,300,26.234,0,0.0,0.0
294300,99,-1.9041,300,23.171,0,0.0,0.0
294600,99,-1.5969,300,18.999,0,0.0,0.0
294900,99,-6.3201,300,48.849,0,0.0,0.0
295200,99,-3.9999,300,38.505,0,0.0,0.0
295500,99,-1.1502,300,12.941,0,0.0,0.0
295800,99,-3.4531,300,33.061,0,0.0,0.0
296100,99,-1.7674,300,21.224,0,0.0,0.0
296400,99,-0.8949,300,7.4,0,0.0,0.0
296700,99,-1.0076,300,12.605,0,0.0,0.0
297000,99,-4.5106,300,40.972,0,0.0,0.0
297300,100,-2.0757,300,25.038,0,0.0,0.0
297600,100,-7.1433,300,49.651,0,0.0,0.0
297900,100,-5.0434,300,43.44,0,0.0,0.0
298200,100,-6.3232,300,47.516,0,0.0,0.0
298500,100,-0.7191,300,4.937,0,0.0,0.0
298800,100,-2.4644,300,28.679,0,0.0,0.0
299100,100,-2.855,300,31.213,0,0.0,0.0
299400,100,-4.9856,300,43.042,0,0.0,0.0
299700,100,-1.0342,300,13.747,0,0.0,0.0
300000,100,-3.7578,300,36.624,0,0.0,0.0
