global_step,episode_return,episode_length,max_angle_deg,safety_violations
300,-1575.2797,300,179.601,159
600,-1473.7002,300,179.551,151
900,-2262.3411,300,179.991,174
1200,-1392.5365,300,179.938,159
1500,-1709.324,300,179.627,163
1800,-2208.8433,300,179.306,178
2100,-1268.9974,300,179.841,138
2400,-1517.2917,300,179.994,172
2700,-1552.3126,300,179.981,248
3000,-1719.0883,300,179.986,169
3300,-1439.9905,300,179.557,220
3600,-1769.5928,300,177.765,292
3900,-1818.5084,300,179.422,281
4200,-1803.0203,300,179.593,281
4500,-1585.613,300,178.797,241
4800,-1817.3823,300,179.95,296
5100,-1881.2206,300,179.782,289
5400,-1713.4381,300,179.552,274
5700,-1653.993,300,179.814,283
6000,-1545.8228,300,178.764,256
6300,-1568.241,300,179.166,160
6600,-1424.0043,300,179.129,148
6900,-1906.4563,300,179.57,167
7200,-1110.7656,300,179.029,134
7500,-1675.0325,300,179.998,267
7800,-1456.8407,300,179.97,209
8100,-2335.7151,300,179.982,178
8400,-1367.9666,300,178.768,199
8700,-1633.929,300,179.514,272
9000,-1365.099,300,178.935,202
9300,-1446.9938,300,179.82,230
9600,-1552.9572,300,179.8,260
9900,-1744.5646,300,179.589,289
10200,-1768.0757,300,179.256,292
10500,-1386.8989,300,178.342,171
10800,-1632.9325,300,178.614,272
11100,-1345.8873,300,179.637,202
11400,-1666.5151,300,179.818,255
11700,-1251.4972,300,179.561,153
12000,-1605.9089,300,178.51,275
12300,-1387.99,300,177.424,164
12600,-1007.3014,300,179.227,120
12900,-1635.318,300,179.622,257
13200,-1692.3284,300,179.374,191
13500,-1476.6445,300,179.265,228
13800,-1320.8268,300,179.649,192
14100,-1444.5366,300,179.487,158
14400,-1665.5391,300,179.496,286
14700,-1883.9825,300,179.641,285
15000,-1310.4343,300,178.029,144
15300,-1633.2095,300,179.515,279
15600,-1360.847,300,179.428,177
15900,-1545.2571,300,178.575,251
16200,-3034.8745,300,178.132,173
16500,-1605.9757,300,179.82,155
16800,-1679.819,300,177.008,159
17100,-1753.0587,300,179.953,295
17400,-1353.1011,300,179.869,184
17700,-1870.7362,300,179.596,155
18000,-1571.3081,300,179.456,254
18300,-1616.8519,300,179.995,161
18600,-1731.2705,300,179.798,290
18900,-1651.397,300,179.706,278
19200,-1579.6873,300,179.931,158
19500,-1264.182,300,179.228,169
19800,-1564.0219,300,179.28,181
20100,-1807.0808,300,179.939,287
20400,-1360.6575,300,178.334,177
20700,-1629.8511,300,179.915,282
21000,-1766.4773,300,179.628,283
21300,-1494.2275,300,179.868,196
21600,-1503.5747,300,179.397,220
21900,-1477.8225,300,178.816,211
22200,-1447.95,300,178.76,224
22500,-1433.8356,300,179.992,216
22800,-1445.0294,300,179.922,201
23100,-1553.7837,300,179.085,167
23400,-1474.4263,300,179.991,212
23700,-1762.3336,300,179.961,296
24000,-1761.7384,300,179.46,284
24300,-2054.3762,300,179.573,175
24600,-1356.278,300,178.957,201
24900,-1562.1385,300,179.376,245
25200,-1755.6788,300,179.299,159
25500,-1324.0629,300,178.056,175
25800,-1227.1472,300,179.972,156
26100,-2118.446,300,177.372,171
26400,-1348.4963,300,179.965,190
26700,-1897.955,300,179.324,170
27000,-1342.9918,300,179.122,192
27300,-1711.0684,300,179.683,166
27600,-1363.3326,300,179.208,191
27900,-1654.803,300,179.874,289
28200,-1379.0459,300,178.878,143
28500,-1384.7124,300,178.075,162
28800,-1481.8499,300,179.929,243
29100,-1568.4132,300,179.504,258
29400,-1635.3666,300,179.449,276
29700,-1712.965,300,179.42,287
30000,-1740.1536,300,178.672,288
30300,-1585.1135,300,179.355,157
30600,-1551.2743,300,178.505,249
30900,-2057.7278,300,178.331,177
31200,-2033.3489,300,179.957,173
31500,-2100.3894,300,179.839,179
31800,-1386.9802,300,179.335,160
32100,-1552.313,300,179.685,247
32400,-1401.786,300,179.286,157
32700,-1491.5796,300,178.668,179
33000,-1492.1793,300,179.257,154
33300,-1465.2311,300,175.401,177
33600,-1354.1395,300,179.093,190
33900,-1505.7896,300,178.606,186
34200,-1570.4882,300,177.955,258
34500,-1429.6849,300,179.259,156
34800,-1449.6588,300,179.797,199
35100,-1336.2765,300,179.787,204
35400,-1336.6218,300,179.853,178
35700,-1433.7253,300,178.646,147
36000,-1590.4493,300,179.955,159
36300,-1765.5247,300,179.854,283
36600,-1627.7469,300,179.7,263
36900,-1670.5269,300,179.572,292
37200,-1670.3381,300,179.91,286
37500,-1761.4473,300,179.834,276
37800,-1704.1519,300,179.948,277
38100,-1563.6989,300,179.859,239
38400,-1687.9567,300,178.774,279
38700,-1667.1174,300,179.493,277
39000,-1688.0884,300,179.962,287
39300,-1736.0986,300,179.772,161
39600,-1828.2574,300,179.905,295
39900,-1528.7058,300,179.72,224
40200,-1519.9978,300,179.537,232
40500,-1788.6969,300,179.072,298
40800,-1495.756,300,179.181,242
41100,-1249.8513,300,179.219,169
41400,-1547.8446,300,179.872,248
41700,-1449.7229,300,179.229,175
42000,-1500.5266,300,179.699,206
42300,-1655.5126,300,179.308,277
42600,-1464.4642,300,177.863,215
42900,-1661.1058,300,179.283,289
43200,-1327.719,300,178.826,177
43500,-1768.1664,300,179.061,296
43800,-1250.3748,300,179.04,169
44100,-1235.9985,300,179.977,168
44400,-1351.777,300,178.741,192
44700,-1954.0616,300,179.464,164
45000,-1603.36,300,179.772,282
45300,-1352.7275,300,179.276,204
45600,-1384.7362,300,178.799,167
45900,-1355.252,300,179.778,210
46200,-1778.4198,300,179.999,159
46500,-1461.8781,300,179.332,251
46800,-1665.8273,300,179.461,268
47100,-2048.5269,300,179.031,179
47400,-1330.6475,300,179.434,205
47700,-1426.7633,300,178.468,155
48000,-1352.0126,300,179.642,202
48300,-1693.9589,300,179.192,269
48600,-1775.5435,300,179.413,291
48900,-1821.1503,300,179.515,292
49200,-1773.6039,300,178.586,287
49500,-1608.2422,300,178.802,291
49800,-1687.7513,300,179.236,163
50100,-1635.3198,300,179.393,281
50400,-1461.3585,300,179.578,239
50700,-1675.016,300,179.831,275
51000,-1783.9423,300,178.308,289
51300,-1133.3441,300,179.872,136
51600,-1666.2295,300,179.696,273
51900,-1359.7394,300,176.898,212
52200,-1276.3586,300,179.817,143
52500,-1577.2189,300,179.565,265
52800,-1648.8754,300,179.915,274
53100,-1574.5104,300,179.938,272
53400,-1812.187,300,179.903,287
53700,-1683.8167,300,179.527,270
54000,-1398.4124,300,179.651,215
54300,-1240.814,300,177.735,158
54600,-1344.3774,300,175.2,171
54900,-1353.2062,300,177.852,142
55200,-1299.5115,300,179.099,192
55500,-1486.722,300,179.745,224
55800,-1592.5494,300,178.654,163
56100,-1433.9794,300,179.969,147
56400,-1527.8354,300,179.447,170
56700,-1791.9879,300,179.165,159
57000,-1766.9318,300,179.875,168
57300,-1251.2539,300,179.491,168
57600,-1776.7615,300,178.79,285
57900,-1757.9934,300,179.845,277
58200,-1437.8979,300,179.397,222
58500,-1458.72,300,179.925,229
58800,-1206.8862,300,178.929,135
59100,-1823.2882,300,179.83,288
59400,-1447.6375,300,179.904,240
59700,-1532.5856,300,179.27,152
60000,-1439.6427,300,179.76,207
60300,-1560.245,300,179.908,267
60600,-1348.0582,300,179.415,163
60900,-1982.2111,300,179.113,291
61200,-1610.3457,300,179.79,153
61500,-1832.9053,300,179.915,170
61800,-1758.9347,300,179.971,159
62100,-1320.7314,300,179.806,190
62400,-1395.4415,300,179.956,222
62700,-1453.5487,300,178.174,229
63000,-1336.6958,300,179.515,187
63300,-1531.715,300,178.06,254
63600,-1794.347,300,179.793,298
63900,-1783.9977,300,179.048,264
64200,-1563.1721,300,179.526,274
64500,-1345.1375,300,179.995,201
64800,-1347.0364,300,179.026,196
65100,-1237.0854,300,178.375,163
65400,-1635.6826,300,179.996,281
65700,-1566.7347,300,179.983,273
66000,-1456.0475,300,179.84,236
66300,-1239.1173,300,178.417,162
66600,-1549.8622,300,179.923,268
66900,-1357.6656,300,179.512,185
67200,-1412.3745,300,179.167,160
67500,-1244.3419,300,179.637,156
67800,-1576.7249,300,179.73,293
68100,-1299.8522,300,179.14,134
68400,-1617.0022,300,179.729,265
68700,-1378.916,300,176.412,178
69000,-1462.4271,300,179.764,230
69300,-1468.7722,300,177.866,217
69600,-1580.5441,300,179.461,161
69900,-1457.3911,300,179.535,223
70200,-1591.4753,300,179.422,193
70500,-2216.6226,300,179.807,177
70800,-1165.6445,300,179.567,153
71100,-1745.0791,300,179.909,197
71400,-1350.507,300,179.767,204
71700,-1476.4333,300,179.743,225
72000,-1253.7872,300,178.553,136
72300,-1442.514,300,179.903,150
72600,-1585.7715,300,178.817,162
72900,-1507.6252,300,179.93,152
73200,-1416.1282,300,179.814,161
73500,-1363.5642,300,179.831,186
73800,-1297.2432,300,178.696,167
74100,-1216.3037,300,177.826,163
74400,-1581.046,300,179.602,157
74700,-1735.1334,300,179.59,165
75000,-1816.4209,300,179.661,163
75300,-1174.4513,300,179.444,135
75600,-1252.0908,300,177.565,147
75900,-1705.262,300,179.916,293
76200,-1573.6174,300,179.907,189
76500,-1686.9147,300,179.756,292
76800,-1539.0233,300,179.711,246
77100,-1410.5007,300,179.888,170
77400,-1236.7817,300,179.127,166
77700,-1353.2227,300,178.73,213
78000,-1308.8729,300,178.744,197
78300,-1474.1061,300,179.845,202
78600,-1460.5126,300,179.202,241
78900,-1579.7866,300,179.226,272
79200,-1637.2408,300,179.885,282
79500,-1448.605,300,179.195,260
79800,-1678.8175,300,179.655,293
80100,-1339.3306,300,179.673,196
80400,-1454.1652,300,179.57,233
80700,-1808.0332,300,179.885,293
81000,-1258.7893,300,179.474,164
81300,-1799.8585,300,178.312,168
81600,-1654.5435,300,179.392,263
81900,-1452.0769,300,178.57,235
82200,-1473.1312,300,179.089,250
82500,-1391.5226,300,179.165,197
82800,-1637.7032,300,179.254,280
83100,-1516.9655,300,179.954,192
83400,-1784.2491,300,179.217,296
83700,-1579.3551,300,179.643,274
84000,-1279.1353,300,179.593,139
84300,-2054.061,300,179.939,176
84600,-1735.817,300,179.953,164
84900,-1152.1375,300,175.581,136
85200,-1576.5867,300,179.839,193
85500,-2107.5762,300,179.411,173
85800,-1476.8138,300,178.972,241
86100,-1461.5048,300,177.932,244
86400,-1512.5276,300,179.86,253
86700,-1433.9675,300,179.877,233
87000,-1350.4647,300,179.412,197
87300,-1278.3582,300,179.442,145
87600,-1259.9417,300,179.709,156
87900,-1416.1714,300,179.491,231
88200,-1463.0566,300,179.823,249
88500,-1386.3547,300,178.443,234
88800,-1235.0857,300,179.86,181
89100,-1396.4429,300,178.47,166
89400,-1584.353,300,179.942,241
89700,-1471.8522,300,178.91,231
90000,-1687.2775,300,179.393,279
90300,-1262.3785,300,179.148,166
90600,-1904.0192,300,179.495,169
90900,-1401.1071,300,179.806,156
91200,-1108.6355,300,178.508,144
91500,-1074.0599,300,176.714,129
91800,-1455.0991,300,179.697,248
92100,-1324.1743,300,179.53,158
92400,-1404.9615,300,179.555,168
92700,-1446.4135,300,179.335,150
93000,-1331.8171,300,179.837,192
93300,-1827.4048,300,178.449,298
93600,-1599.0421,300,179.634,285
93900,-1536.0355,300,179.022,260
94200,-1465.2559,300,179.537,270
94500,-1234.2161,300,179.627,182
94800,-1925.3545,300,179.382,290
95100,-1627.4008,300,179.431,257
95400,-1541.1776,300,179.162,262
95700,-1583.8839,300,178.814,259
96000,-1347.9852,300,176.901,199
96300,-1645.8234,300,179.274,154
96600,-1242.1455,300,179.305,145
96900,-1419.8073,300,179.822,228
97200,-1744.3146,300,179.312,291
97500,-1347.5778,300,179.06,160
97800,-1349.5026,300,178.976,209
98100,-1111.6014,300,179.2,161
98400,-1419.0425,300,176.828,216
98700,-1392.2263,300,179.845,175
99000,-1437.5387,300,177.209,169
99300,-1800.0085,300,179.317,289
99600,-1124.5597,300,179.966,157
99900,-1364.6814,300,179.458,226
100200,-1627.2091,300,179.809,268
100500,-1649.2612,300,179.707,277
100800,-1335.2278,300,179.068,195
101100,-1815.391,300,179.898,285
101400,-1610.6499,300,179.603,270
101700,-1586.0448,300,179.713,282
102000,-1579.7064,300,179.405,269
102300,-1468.3147,300,178.438,256
102600,-1376.9146,300,178.815,221
102900,-1590.2179,300,179.244,260
103200,-1599.4604,300,178.04,158
103500,-1131.7139,300,179.162,152
103800,-1485.6683,300,179.786,265
104100,-1533.1508,300,178.906,260
104400,-1357.4631,300,178.92,219
104700,-1249.1201,300,178.288,171
105000,-1133.9486,300,179.903,152
105300,-1445.1436,300,177.081,148
105600,-1209.5759,300,179.686,162
105900,-1462.1417,300,178.413,155
106200,-1187.1426,300,179.718,135
106500,-1304.9111,300,178.334,141
106800,-1238.967,300,179.796,141
107100,-1592.2717,300,176.361,159
107400,-1249.2285,300,179.96,186
107700,-1670.8152,300,179.536,169
108000,-1283.321,300,179.571,148
108300,-1353.0674,300,178.782,198
108600,-1714.7145,300,179.837,294
108900,-1420.8795,300,179.502,173
109200,-1251.0626,300,179.232,186
109500,-1125.1006,300,179.804,171
109800,-1607.2118,300,179.243,268
110100,-1370.9178,300,179.88,238
110400,-1476.4707,300,179.136,262
110700,-1138.4537,300,178.906,143
111000,-1474.5038,300,179.651,258
111300,-1801.84,300,177.867,176
111600,-1306.4844,300,178.295,135
111900,-1292.6538,300,177.374,158
112200,-1136.7772,300,178.446,152
112500,-1467.2169,300,179.954,254
112800,-1242.1548,300,176.155,168
113100,-1473.2748,300,179.447,278
113400,-1258.3107,300,179.611,161
113700,-1574.3854,300,179.39,160
114000,-1402.106,300,178.237,232
114300,-1274.8589,300,179.767,159
114600,-1386.2289,300,178.399,154
114900,-1310.4097,300,179.994,195
115200,-1328.7759,300,178.334,217
115500,-1432.9775,300,179.559,163
115800,-1239.6462,300,177.786,196
116100,-1424.6227,300,179.848,160
116400,-1319.7645,300,179.778,136
116700,-1560.075,300,178.929,290
117000,-1035.0863,300,175.711,133
117300,-1401.9614,300,177.721,160
117600,-1505.9478,300,179.562,266
117900,-1497.7261,300,179.441,266
118200,-1028.9612,300,178.74,140
118500,-1142.5233,300,178.939,142
118800,-1500.0166,300,179.666,257
119100,-1707.3867,300,179.493,296
119400,-1607.0787,300,179.669,267
119700,-1356.4093,300,179.917,207
120000,-1365.4552,300,179.538,238
120300,-1587.1417,300,179.865,163
120600,-1153.3074,300,179.032,137
120900,-1259.0151,300,178.392,198
121200,-1303.912,300,179.745,148
121500,-926.4332,300,178.341,118
121800,-1362.5209,300,178.838,240
122100,-1593.5403,300,179.127,169
122400,-1254.4755,300,179.687,179
122700,-1361.9082,300,179.966,218
123000,-1248.3636,300,179.494,193
123300,-1380.7679,300,179.92,206
123600,-1173.5031,300,179.106,149
123900,-1122.5587,300,179.646,176
124200,-1266.3302,300,179.926,162
124500,-1208.2455,300,178.148,136
124800,-1438.1711,300,179.981,152
125100,-1515.8895,300,179.612,293
125400,-1114.3297,300,179.675,132
125700,-1164.6013,300,179.65,163
126000,-1109.417,300,179.78,153
126300,-1330.8163,300,179.949,153
126600,-1062.387,300,179.216,132
126900,-1585.6531,300,179.824,173
127200,-1173.9038,300,175.712,176
127500,-1743.484,300,179.929,171
127800,-1210.3489,300,176.268,154
128100,-2078.0947,300,179.805,175
128400,-1612.4021,300,178.927,159
128700,-1284.8816,300,179.917,146
129000,-1278.1443,300,177.372,165
129300,-1269.1288,300,179.554,168
129600,-1082.5173,300,179.971,137
129900,-1264.7854,300,179.604,150
130200,-1604.0502,300,179.787,159
130500,-1547.0492,300,178.836,192
130800,-1143.4718,300,179.818,135
131100,-1239.8628,300,178.084,192
131400,-1589.6862,300,179.663,159
131700,-1791.8721,300,179.524,159
132000,-1188.1765,300,179.026,181
132300,-1265.0138,300,176.903,176
132600,-1299.4031,300,178.126,211
132900,-1249.2399,300,179.448,187
133200,-1268.6707,300,179.141,203
133500,-1261.4611,300,179.789,154
133800,-1239.0446,300,178.683,184
134100,-1128.5402,300,179.629,155
134400,-1400.4541,300,179.879,246
134700,-1408.665,300,179.819,161
135000,-1123.9196,300,179.308,158
135300,-1277.7465,300,179.383,159
135600,-1136.0342,300,179.417,145
135900,-1134.4492,300,178.917,157
136200,-1285.6927,300,179.003,151
136500,-1383.5042,300,177.384,152
136800,-1288.4241,300,179.519,161
137100,-1312.662,300,179.054,173
137400,-1317.2452,300,179.884,183
137700,-1796.5208,300,179.076,163
138000,-1943.7383,300,178.732,176
138300,-1145.656,300,178.719,142
138600,-1347.0145,300,178.952,223
138900,-1600.7672,300,179.543,289
139200,-1546.9207,300,179.498,288
139500,-1375.0126,300,178.091,210
139800,-1477.7524,300,179.869,256
140100,-1385.8865,300,179.766,225
140400,-1315.1707,300,178.867,223
140700,-1398.7737,300,179.987,249
141000,-1810.3662,300,179.982,296
141300,-1264.2339,300,177.74,183
141600,-1380.8542,300,179.618,243
141900,-1267.8911,300,178.649,202
142200,-1326.3862,300,177.47,220
142500,-1235.3853,300,179.893,179
142800,-1473.0505,300,179.97,271
143100,-1504.5868,300,179.0,282
143400,-1586.601,300,179.05,175
143700,-1247.2305,300,179.213,193
144000,-1204.5811,300,178.48,145
144300,-1467.8298,300,178.889,261
144600,-1191.8809,300,178.924,149
144900,-1161.6058,300,178.348,152
145200,-1282.9708,300,179.702,150
145500,-1495.1824,300,178.965,286
145800,-1593.9744,300,179.974,278
146100,-1303.929,300,179.149,206
146400,-1373.7991,300,179.771,224
146700,-1485.5754,300,179.368,264
147000,-898.6367,300,179.601,117
147300,-1664.9397,300,178.9,283
147600,-1251.6102,300,178.37,211
147900,-1250.3313,300,179.157,188
148200,-1577.972,300,179.601,248
148500,-1138.2903,300,179.514,154
148800,-1478.0498,300,179.663,270
149100,-1420.8318,300,178.906,248
149400,-1795.6354,300,179.04,294
149700,-1525.3547,300,179.818,266
150000,-1132.3535,300,176.795,166
150300,-1404.1719,300,179.448,160
150600,-1323.0769,300,179.226,215
150900,-1248.7384,300,178.26,195
151200,-1290.5531,300,179.275,191
151500,-1489.3965,300,179.869,254
151800,-1074.1035,300,179.435,142
152100,-1261.1674,300,176.497,204
152400,-1273.0519,300,179.603,146
152700,-1297.8513,300,179.044,214
153000,-1271.5457,300,179.783,187
153300,-1522.1532,300,179.09,170
153600,-1244.7826,300,179.492,185
153900,-1439.1151,300,179.636,177
154200,-1570.5955,300,179.348,170
154500,-1697.8954,300,178.504,175
154800,-1290.785,300,179.47,161
155100,-1290.3752,300,179.382,163
155400,-1245.1948,300,179.084,208
155700,-1283.7147,300,176.582,179
156000,-1367.3088,300,176.849,232
156300,-1300.4327,300,177.172,144
156600,-1250.8973,300,178.854,185
156900,-1447.9158,300,179.182,150
157200,-1286.3063,300,179.969,156
157500,-1255.4987,300,179.96,200
157800,-1171.585,300,179.67,142
158100,-1249.6913,300,179.539,187
158400,-1266.0596,300,179.228,215
158700,-1193.6095,300,179.726,172
159000,-1257.8253,300,176.63,148
159300,-1372.4169,300,178.373,228
159600,-1253.6458,300,179.503,200
159900,-1502.2047,300,179.451,272
160200,-1250.9899,300,179.855,199
160500,-1139.469,300,179.846,160
160800,-1516.8844,300,179.957,273
161100,-1533.7582,300,179.783,261
161400,-1336.2709,300,179.848,216
161700,-1380.2311,300,179.712,226
162000,-1499.8491,300,179.994,264
162300,-1137.5918,300,178.797,154
162600,-1252.2424,300,179.424,209
162900,-1365.05,300,178.941,198
163200,-1253.7078,300,179.651,218
163500,-1212.9351,300,179.67,182
163800,-1594.5742,300,177.673,163
164100,-889.5797,300,179.846,120
164400,-1143.5449,300,178.821,150
164700,-1187.1288,300,179.888,162
165000,-1492.6863,300,179.287,270
165300,-1431.9805,300,179.455,164
165600,-1307.0336,300,177.391,161
165900,-1331.4766,300,179.454,155
166200,-1170.4171,300,179.846,142
166500,-1282.5437,300,179.855,153
166800,-1781.189,300,178.659,163
167100,-1028.885,300,179.827,140
167400,-1262.9241,300,179.799,140
167700,-1586.9784,300,179.277,160
168000,-1251.7747,300,179.056,156
168300,-991.0716,300,176.832,129
168600,-1389.4165,300,179.459,155
168900,-1270.3654,300,177.25,150
169200,-1276.7906,300,179.805,184
169500,-1378.9537,300,179.818,251
169800,-1328.5667,300,179.77,238
170100,-1377.8575,300,179.999,251
170400,-955.5543,300,179.58,126
170700,-1454.2048,300,177.206,173
171000,-1220.7247,300,179.891,183
171300,-1124.9875,300,178.581,161
171600,-1181.0029,300,178.208,138
171900,-996.4637,300,179.823,136
172200,-1012.4984,300,178.676,147
172500,-1297.7689,300,178.072,169
172800,-1419.1204,300,179.715,179
173100,-1153.4255,300,179.567,138
173400,-1143.5157,300,178.261,169
173700,-1767.6562,300,179.946,169
174000,-1160.7926,300,179.35,184
174300,-1317.4751,300,179.627,239
174600,-1223.7927,300,179.29,196
174900,-1449.9478,300,178.819,150
175200,-1139.3488,300,179.255,168
175500,-1030.1218,300,179.133,146
175800,-1294.1941,300,179.662,157
176100,-1263.0336,300,179.316,206
176400,-1750.4012,300,179.865,166
176700,-1142.9451,300,179.37,180
177000,-1268.1942,300,179.691,213
177300,-1320.7802,300,179.495,229
177600,-1291.3821,300,179.968,236
177900,-1149.502,300,179.675,199
178200,-1211.2659,300,179.53,200
178500,-1300.4257,300,178.533,146
178800,-1016.8021,300,178.98,166
179100,-1555.7177,300,178.926,275
179400,-1447.0234,300,179.207,261
179700,-1042.6962,300,179.516,162
180000,-1158.0566,300,178.86,202
180300,-1273.9518,300,179.769,200
180600,-1156.0796,300,179.382,198
180900,-1291.2159,300,178.175,163
181200,-1017.3088,300,178.683,150
181500,-1151.8347,300,177.683,149
181800,-1152.438,300,178.946,172
182100,-1144.3232,300,179.579,171
182400,-1017.4901,300,179.441,136
182700,-1151.92,300,179.68,196
183000,-1177.2854,300,179.248,137
183300,-1110.0116,300,178.587,142
183600,-1404.9227,300,177.029,217
183900,-1148.7579,300,178.853,160
184200,-1018.5422,300,178.014,141
184500,-1138.0566,300,177.477,191
184800,-1291.0779,300,179.05,237
185100,-1313.8928,300,179.996,245
185400,-1147.9915,300,179.628,190
185700,-1022.0543,300,179.383,139
186000,-983.1648,300,178.946,137
186300,-1165.1488,300,177.591,138
186600,-1157.7484,300,179.519,195
186900,-1169.1344,300,176.75,149
187200,-1065.9437,300,177.034,151
187500,-1153.8702,300,178.337,180
187800,-1151.9694,300,177.877,207
188100,-1043.7235,300,179.849,149
188400,-1029.4773,300,179.944,173
188700,-1236.0004,300,179.339,168
189000,-1130.6378,300,179.856,159
189300,-1292.4498,300,179.573,232
189600,-1588.1659,300,179.476,284
189900,-1466.782,300,179.863,273
190200,-1410.573,300,179.535,266
190500,-1184.755,300,179.784,203
190800,-1524.2026,300,179.441,277
191100,-909.9026,300,179.294,133
191400,-1098.5532,300,179.875,188
191700,-1281.2484,300,178.464,220
192000,-1335.0208,300,178.591,239
192300,-1162.8824,300,179.869,199
192600,-1062.7938,300,179.24,184
192900,-1108.7799,300,179.585,192
193200,-1333.8629,300,179.512,252
193500,-1279.7511,300,178.366,227
193800,-1281.7172,300,179.204,227
194100,-1034.9282,300,179.283,148
194400,-1297.1885,300,179.868,244
194700,-1152.5081,300,179.665,146
195000,-1031.3518,300,179.203,161
195300,-1209.8942,300,178.404,167
195600,-1155.7144,300,178.761,194
195900,-1033.1393,300,178.037,162
196200,-1048.0245,300,179.783,152
196500,-1217.0242,300,179.625,232
196800,-779.5358,300,179.269,109
197100,-1130.4336,300,179.77,192
197400,-1465.0659,300,179.893,183
197700,-1302.4559,300,177.817,243
198000,-1303.7953,300,178.782,161
198300,-1170.5447,300,179.226,210
198600,-1438.6842,300,179.865,162
198900,-1332.0381,300,179.106,243
199200,-1176.3384,300,179.34,205
199500,-1038.775,300,179.362,176
199800,-1045.3928,300,177.507,159
200100,-1633.8254,300,179.724,286
200400,-1378.4929,300,179.381,269
200700,-1080.6115,300,179.8,189
201000,-1477.4733,300,178.848,295
201300,-1168.1725,300,179.782,162
201600,-1137.9232,300,179.554,165
201900,-1158.604,300,179.347,191
202200,-1021.1155,300,179.739,156
202500,-1165.363,300,179.643,162
202800,-1006.2703,300,179.924,141
203100,-1081.4448,300,179.602,149
203400,-1198.2786,300,179.92,227
203700,-1023.5641,300,177.456,148
204000,-1148.376,300,179.983,142
204300,-1372.3192,300,179.269,268
204600,-1182.8085,300,179.021,200
204900,-903.2936,300,179.331,123
205200,-1170.4963,300,179.619,167
205500,-904.5862,300,179.17,120
205800,-1414.9474,300,176.706,233
206100,-959.4619,300,179.711,139
206400,-1043.8434,300,178.904,170
206700,-953.5554,300,178.653,159
207000,-1034.2679,300,179.559,134
207300,-1306.2583,300,179.947,241
207600,-1371.1494,300,179.116,251
207900,-1048.7448,300,179.629,162
208200,-1317.2773,300,178.261,156
208500,-1039.9872,300,178.924,162
208800,-1132.7319,300,179.414,202
209100,-1031.9355,300,179.643,156
209400,-1037.4575,300,178.902,162
209700,-1028.3287,300,178.899,159
210000,-1168.5317,300,179.792,203
210300,-1168.9562,300,179.282,150
210600,-1037.6013,300,179.537,127
210900,-1052.4463,300,179.054,151
211200,-1096.9657,300,175.265,134
211500,-1048.3622,300,179.467,184
211800,-1130.6288,300,179.974,137
212100,-1310.9528,300,179.388,179
212400,-1153.3071,300,178.404,148
212700,-1186.7744,300,179.897,223
213000,-1180.4965,300,179.676,202
213300,-1248.5778,300,179.865,236
213600,-1182.0681,300,179.901,215
213900,-1034.356,300,178.331,167
214200,-1048.4624,300,179.655,166
214500,-1017.8168,300,179.583,158
214800,-1100.9766,300,178.985,197
215100,-1279.8364,300,179.71,246
215400,-900.1757,300,179.495,137
215700,-1048.7333,300,179.822,169
216000,-1174.8772,300,179.116,149
216300,-1033.4109,300,178.96,129
216600,-1174.1875,300,178.982,146
216900,-1051.5898,300,178.637,173
217200,-913.6152,300,179.305,136
217500,-1029.7172,300,179.105,166
217800,-1147.6642,300,179.906,199
218100,-911.0977,300,179.53,131
218400,-1316.2885,300,179.997,148
218700,-1156.6179,300,179.595,167
219000,-1051.5979,300,179.849,136
219300,-972.0511,300,179.252,129
219600,-1056.0044,300,179.27,188
219900,-1333.0502,300,178.981,237
220200,-1084.5256,300,178.671,194
220500,-1186.7142,300,178.353,222
220800,-926.4832,300,179.841,150
221100,-1060.9301,300,179.876,176
221400,-1185.5874,300,179.416,133
221700,-906.0479,300,179.944,126
222000,-921.9674,300,178.714,146
222300,-1112.3073,300,179.985,206
222600,-1054.7668,300,178.513,184
222900,-924.6446,300,179.366,162
223200,-924.9839,300,179.302,163
223500,-912.4732,300,177.148,131
223800,-997.8871,300,179.74,135
224100,-1057.1794,300,179.526,195
224400,-920.3503,300,177.899,150
224700,-1321.0959,300,179.92,157
225000,-911.7281,300,179.543,144
225300,-924.877,300,178.866,146
225600,-1301.9213,300,179.878,157
225900,-1365.4469,300,179.302,172
226200,-894.6258,300,179.472,123
226500,-1026.5991,300,179.838,154
226800,-909.1208,300,179.074,126
227100,-1065.5928,300,179.863,138
227400,-1158.4023,300,179.503,162
227700,-792.7748,300,179.905,114
228000,-1125.6569,300,179.635,168
228300,-1045.6588,300,178.469,161
228600,-922.2633,300,177.023,144
228900,-1062.7892,300,178.561,193
229200,-925.8619,300,179.093,139
229500,-898.079,300,177.648,143
229800,-910.921,300,179.803,123
230100,-1135.3611,300,178.309,159
230400,-1047.4668,300,179.853,157
230700,-1301.6086,300,179.989,155
231000,-906.8238,300,178.61,142
231300,-1242.4001,300,179.373,227
231600,-1031.1831,300,178.518,169
231900,-1253.8536,300,179.791,214
232200,-1219.3575,300,179.209,241
232500,-1011.9429,300,179.69,183
232800,-901.5626,300,179.0,134
233100,-1064.34,300,179.133,180
233400,-1490.2567,300,179.704,284
233700,-921.2565,300,179.04,141
234000,-817.4552,300,179.956,130
234300,-1007.5896,300,179.099,134
234600,-1071.7551,300,179.071,199
234900,-929.1881,300,178.347,146
235200,-1307.343,300,178.803,158
235500,-785.926,300,178.989,116
235800,-1038.5067,300,179.998,160
236100,-1357.8021,300,179.708,159
236400,-913.6173,300,179.956,141
236700,-1061.8888,300,179.45,153
237000,-786.188,300,179.553,121
237300,-1378.556,300,179.194,278
237600,-926.2766,300,178.245,153
237900,-804.1846,300,179.497,131
238200,-1260.8464,300,178.697,244
238500,-917.217,300,179.143,155
238800,-851.335,300,179.303,144
239100,-698.9531,300,178.942,103
239400,-1064.755,300,179.955,176
239700,-1338.7628,300,179.847,257
240000,-1358.8447,300,179.23,268
240300,-1521.9762,300,179.924,282
240600,-930.324,300,178.607,166
240900,-1171.7871,300,179.929,149
241200,-1073.0642,300,178.373,171
241500,-789.0264,300,178.944,114
241800,-1230.0431,300,179.528,240
242100,-1057.9575,300,179.852,159
242400,-1064.0649,300,179.246,183
242700,-923.2067,300,179.499,142
243000,-1030.3788,300,176.98,136
243300,-1057.4364,300,178.767,141
243600,-1304.911,300,179.849,163
243900,-1054.5582,300,179.014,158
244200,-798.9678,300,179.48,129
244500,-1041.4521,300,179.821,141
244800,-1061.6162,300,179.615,154
245100,-906.3299,300,179.519,115
245400,-1118.6967,300,178.649,148
245700,-969.8327,300,179.027,154
246000,-1441.0485,300,179.926,168
246300,-984.4572,300,179.406,138
246600,-920.0239,300,179.256,150
246900,-937.0896,300,179.389,169
247200,-943.6486,300,177.869,186
247500,-785.5755,300,179.753,123
247800,-925.2494,300,179.928,154
248100,-1362.0623,300,179.94,283
248400,-935.3708,300,179.976,159
248700,-1081.8086,300,177.495,191
249000,-904.2208,300,177.497,151
249300,-1040.7068,300,179.198,144
249600,-1069.4397,300,179.741,197
249900,-929.296,300,179.207,134
250200,-938.7316,300,179.747,143
250500,-1040.8207,300,179.657,142
250800,-1080.5984,300,178.532,191
251100,-924.5906,300,179.83,134
251400,-1198.92,300,179.887,155
251700,-1195.7451,300,179.379,226
252000,-1246.0582,300,179.228,255
252300,-795.0537,300,179.737,122
252600,-796.5643,300,179.66,130
252900,-1174.4469,300,179.943,212
253200,-990.1128,300,176.862,195
253500,-799.2571,300,176.025,137
253800,-1129.4539,300,179.3,215
254100,-1096.6698,300,179.986,212
254400,-943.3008,300,177.953,167
254700,-918.927,300,179.416,124
255000,-1476.0859,300,179.73,282
255300,-922.1486,300,178.782,159
255600,-1180.3835,300,178.752,142
255900,-1068.2611,300,179.482,187
256200,-792.024,300,178.778,122
256500,-1042.4408,300,179.5,144
256800,-863.8499,300,179.437,118
257100,-918.0115,300,176.275,131
257400,-1315.0779,300,179.74,158
257700,-937.3566,300,178.497,131
258000,-1332.2306,300,179.552,153
258300,-1085.506,300,179.907,209
258600,-919.8585,300,179.311,135
258900,-952.9277,300,179.684,157
259200,-920.2522,300,173.568,139
259500,-1279.5582,300,179.152,241
259800,-945.2742,300,178.012,160
260100,-920.5474,300,179.574,137
260400,-1002.5714,300,177.539,192
260700,-1410.5209,300,179.577,284
261000,-1103.5946,300,177.539,187
261300,-1061.7382,300,178.965,142
261600,-860.8737,300,179.861,121
261900,-1165.9624,300,179.105,236
262200,-948.7598,300,179.821,177
262500,-944.5277,300,179.249,160
262800,-822.6861,300,179.74,139
263100,-1063.3192,300,176.146,159
263400,-834.4411,300,175.942,125
263700,-936.479,300,177.131,138
264000,-897.7488,300,179.464,120
264300,-822.112,300,179.935,138
264600,-968.2124,300,179.778,177
264900,-864.907,300,178.648,157
265200,-800.1979,300,178.916,134
265500,-1103.6316,300,179.471,231
265800,-1145.0143,300,178.924,229
266100,-1086.3591,300,178.6,212
266400,-805.7393,300,178.562,131
266700,-937.2621,300,178.381,153
267000,-1036.4221,300,179.896,218
267300,-955.9674,300,179.926,184
267600,-795.448,300,179.257,113
267900,-1096.6797,300,178.933,195
268200,-811.7909,300,178.967,129
268500,-813.7684,300,178.763,142
268800,-947.6185,300,179.876,164
269100,-813.6933,300,177.951,141
269400,-922.8899,300,177.753,131
269700,-846.5123,300,179.87,136
270000,-925.7891,300,179.499,128
270300,-788.42,300,179.079,116
270600,-721.4074,300,179.653,140
270900,-810.0015,300,176.826,139
271200,-943.2512,300,179.683,169
271500,-805.6292,300,179.894,129
271800,-685.4164,300,179.866,105
272100,-876.7009,300,179.669,139
272400,-806.9276,300,179.717,125
272700,-889.7072,300,178.86,143
273000,-1147.9698,300,179.644,220
273300,-1062.5123,300,179.444,157
273600,-815.3904,300,178.499,141
273900,-565.4448,300,179.999,86
274200,-811.0656,300,179.502,131
274500,-1091.1887,300,178.918,201
274800,-690.9276,300,176.368,107
275100,-1188.7349,300,179.842,271
275400,-700.2882,300,179.945,118
275700,-914.6537,300,179.117,125
276000,-986.7162,300,179.234,194
276300,-804.5545,300,179.504,132
276600,-714.4949,300,177.77,125
276900,-806.4254,300,178.215,128
277200,-1058.2675,300,179.421,228
277500,-719.1809,300,177.34,128
277800,-811.5971,300,179.02,133
278100,-986.3179,300,179.953,172
278400,-792.1097,300,179.29,111
278700,-974.9417,300,179.95,170
279000,-801.8541,300,179.772,120
279300,-665.1775,300,179.018,99
279600,-662.6003,300,178.776,118
279900,-694.8322,300,179.38,123
280200,-780.6001,300,178.761,116
280500,-792.1237,300,179.062,109
280800,-918.6995,300,179.551,133
281100,-810.6102,300,176.198,124
281400,-677.7053,300,178.236,101
281700,-430.1556,300,179.716,76
282000,-805.1125,300,179.492,129
282300,-850.9263,300,179.51,140
282600,-651.0278,300,176.463,126
282900,-675.3353,300,178.607,106
283200,-911.6962,300,179.42,131
283500,-694.4993,300,179.896,114
283800,-810.7909,300,178.861,149
284100,-1108.1366,300,178.624,223
284400,-1092.4603,300,178.738,198
284700,-1090.7766,300,179.623,234
285000,-824.5979,300,179.234,141
285300,-918.2508,300,177.526,123
285600,-818.9111,300,179.223,123
285900,-558.658,300,179.563,90
286200,-675.3145,300,179.844,100
286500,-821.7343,300,179.349,127
286800,-720.4725,300,179.009,134
287100,-877.072,300,179.489,125
287400,-683.0751,300,179.674,112
287700,-789.1453,300,179.912,148
288000,-418.1047,300,179.302,66
288300,-609.2859,300,177.021,122
288600,-694.7712,300,176.939,115
288900,-721.0117,300,179.839,141
289200,-809.575,300,179.673,134
289500,-841.6588,300,178.822,143
289800,-709.6115,300,175.534,131
290100,-515.6439,300,178.763,101
290400,-695.3244,300,179.166,106
290700,-822.3161,300,179.529,131
291000,-566.1152,300,179.985,97
291300,-594.2699,300,178.784,108
291600,-1666.7916,300,179.528,298
291900,-409.6594,300,175.832,66
292200,-590.3883,300,179.471,107
292500,-422.8388,300,178.781,66
292800,-591.4594,300,176.387,97
293100,-793.5198,300,179.517,167
293400,-535.213,300,174.866,88
293700,-1079.7723,300,179.633,206
294000,-561.2735,300,178.794,87
294300,-332.3066,300,179.144,65
294600,-296.7932,300,176.063,46
294900,-841.8837,300,179.996,135
295200,-297.8803,300,176.646,50
295500,-302.4051,300,178.257,51
295800,-562.5789,300,178.221,104
296100,-584.9093,300,179.956,98
296400,-845.144,300,177.384,146
296700,-699.7153,300,179.988,123
297000,-849.2783,300,178.057,157
297300,-575.4803,300,178.302,94
297600,-451.867,300,175.996,84
297900,-702.4117,300,179.35,121
298200,-680.4767,300,178.62,137
298500,-420.1585,300,176.942,72
298800,-328.4353,300,178.949,68
299100,-571.1746,300,176.418,109
299400,-621.5173,300,179.653,124
299700,-451.6053,300,177.09,79
300000,-309.3618,300,174.89,50
300300,-592.8362,300,179.689,118
300600,-441.6121,300,178.303,75
300900,-1068.5986,300,179.943,233
301200,-578.1169,300,177.416,98
301500,-476.7504,300,177.563,98
301800,-762.506,300,178.59,154
302100,-175.2102,300,176.688,32
302400,-469.2634,300,177.883,103
302700,-640.08,300,179.028,135
303000,-458.6124,300,178.406,79
303300,-926.8149,300,178.932,198
303600,-461.2697,300,178.305,94
303900,-584.2699,300,179.574,102
304200,-941.5722,300,179.668,191
304500,-456.8283,300,179.162,89
304800,-442.5651,300,177.582,88
305100,-205.2998,300,174.339,40
305400,-988.8879,300,179.838,208
305700,-483.4196,300,176.694,94
306000,-620.6677,300,178.348,134
306300,-317.7629,300,174.934,54
306600,-336.7204,300,179.642,75
306900,-467.1139,300,179.25,95
307200,-474.7226,300,179.819,90
307500,-289.3295,300,178.229,48
307800,-519.3464,300,179.299,113
308100,-453.1416,300,177.876,75
308400,-940.1813,300,179.986,202
308700,-381.4503,300,179.017,81
309000,-593.7109,300,179.503,99
309300,-163.8251,300,175.357,29
309600,-593.7503,300,178.834,101
309900,-345.657,300,179.114,64
310200,-159.5924,300,177.083,26
310500,-770.1824,300,179.67,156
310800,-978.4149,300,178.622,142
311100,-158.1263,300,175.597,21
311400,-482.1507,300,178.07,105
311700,-10.194,300,22.811,0
312000,-614.3231,300,179.821,119
312300,-1077.6519,300,179.14,239
312600,-466.8043,300,179.842,93
312900,-163.6962,300,178.454,30
313200,-589.7422,300,178.32,102
313500,-476.3687,300,179.508,86
313800,-1430.6003,300,179.916,293
314100,-25.0154,300,38.705,0
314400,-150.0069,300,179.611,23
314700,-293.9281,300,179.768,51
315000,-618.9162,300,179.326,124
315300,-302.1014,300,176.386,50
315600,-16.8567,300,24.271,0
315900,-845.6827,300,176.673,137
316200,-464.179,300,179.346,92
316500,-591.5634,300,177.043,99
316800,-457.1319,300,176.073,87
317100,-155.148,300,177.374,25
317400,-400.9485,300,177.935,66
317700,-581.3638,300,176.831,106
318000,-610.8989,300,174.662,112
318300,-156.6499,300,172.585,24
318600,-223.7279,300,178.986,50
318900,-354.3337,300,176.677,64
319200,-13.2785,300,25.744,0
319500,-13.3868,300,33.786,0
319800,-147.1961,300,173.285,23
320100,-361.3383,300,179.687,75
320400,-323.1861,300,176.171,74
320700,-12.8838,300,21.194,0
321000,-1172.85,300,179.921,224
321300,-16.6626,300,40.528,0
321600,-312.305,300,179.939,57
321900,-17.0165,300,41.829,0
322200,-16.1696,300,26.605,0
322500,-27.6159,300,35.007,0
322800,-19.5594,300,26.576,0
323100,-198.371,300,175.247,41
323400,-169.8666,300,179.977,27
323700,-27.77,300,43.749,0
324000,-202.3266,300,176.311,33
324300,-238.459,300,175.654,40
324600,-184.1752,300,178.199,38
324900,-19.1695,300,32.689,0
325200,-385.8326,300,175.461,87
325500,-20.6492,300,53.823,0
325800,-18.163,300,48.07,0
326100,-187.8253,300,175.832,51
326400,-6.6188,300,19.858,0
326700,-10.4748,300,27.68,0
327000,-8.3819,300,18.224,0
327300,-8.5047,300,15.811,0
327600,-10.2225,300,21.796,0
327900,-12.0678,300,32.021,0
328200,-9.1215,300,20.09,0
328500,-445.9223,300,178.374,89
328800,-14.7748,300,32.176,0
329100,-11.3474,300,24.626,0
329400,-8.6202,300,23.195,0
329700,-14.4536,300,29.175,0
330000,-13.87,300,28.106,0
330300,-104.1287,300,175.457,16
330600,-187.8268,300,178.71,34
330900,-536.3184,300,179.342,115
331200,-20.2461,300,32.243,0
331500,-336.9489,300,177.831,65
331800,-558.1726,300,178.65,112
332100,-17.0893,300,43.94,0
332400,-40.6634,300,48.796,0
332700,-7.4072,300,23.629,0
333000,-25.3455,300,36.606,0
333300,-15.5944,300,31.221,0
333600,-12.2504,300,38.486,0
333900,-178.3526,300,179.261,38
334200,-12.4196,300,32.639,0
334500,-257.6876,300,178.088,62
334800,-10.4601,300,19.932,0
335100,-9.7394,300,20.228,0
335400,-19.0326,300,36.501,0
335700,-14.2041,300,26.546,0
336000,-163.4313,300,175.519,26
336300,-6.1635,300,15.665,0
336600,-163.9707,300,179.332,30
336900,-177.2464,300,175.985,31
337200,-511.0569,300,178.406,96
337500,-10.0568,300,19.764,0
337800,-21.6221,300,34.379,0
338100,-9.4105,300,20.792,0
338400,-11.029,300,23.223,0
338700,-10.7596,300,18.505,0
339000,-14.3689,300,32.377,0
339300,-27.2047,300,47.065,0
339600,-7.6073,300,20.147,0
339900,-17.6977,300,33.24,0
340200,-7.9802,300,19.608,0
340500,-10.7736,300,30.149,0
340800,-13.6839,300,21.54,0
341100,-10.3232,300,23.49,0
341400,-7.1055,300,19.748,0
341700,-177.3981,300,176.663,32
342000,-189.6288,300,179.984,40
342300,-13.1145,300,30.092,0
342600,-160.0693,300,177.164,25
342900,-6.3535,300,17.887,0
343200,-585.429,300,178.3,98
343500,-18.7766,300,47.347,0
343800,-18.2473,300,53.489,0
344100,-6.5383,300,20.677,0
344400,-27.8462,300,42.977,0
344700,-17.0716,300,38.569,0
345000,-18.9689,300,36.115,0
345300,-13.8239,300,34.541,0
345600,-29.299,300,56.631,0
345900,-8.7037,300,41.133,0
346200,-7.5312,300,17.219,0
346500,-32.443,300,53.146,0
346800,-15.8212,300,31.698,0
347100,-20.1456,300,44.972,0
347400,-14.3333,300,39.062,0
347700,-4.5752,300,13.868,0
348000,-11.2525,300,45.311,0
348300,-6.1872,300,17.526,0
348600,-4.4014,300,20.488,0
348900,-10.4582,300,33.331,0
349200,-4.6198,300,11.405,0
349500,-13.2831,300,53.188,0
349800,-4.0047,300,21.763,0
350100,-6.4577,300,26.994,0
350400,-4.4523,300,13.403,0
350700,-4.6602,300,11.957,0
351000,-13.6515,300,55.311,0
351300,-8.4298,300,29.443,0
351600,-9.2209,300,33.808,0
351900,-4.3311,300,20.33,0
352200,-13.2825,300,45.875,0
352500,-11.6665,300,41.305,0
352800,-7.1088,300,23.147,0
353100,-6.957,300,29.334,0
353400,-3.7009,300,12.953,0
353700,-5.0421,300,22.066,0
354000,-6.7044,300,27.593,0
354300,-17.0252,300,55.673,0
354600,-19.7891,300,49.303,0
354900,-15.2975,300,56.942,0
355200,-8.8529,300,37.164,0
355500,-7.8379,300,32.589,0
355800,-13.1523,300,41.936,0
356100,-5.1416,300,16.639,0
356400,-7.9528,300,23.977,0
356700,-6.1945,300,15.304,0
357000,-5.8089,300,13.961,0
357300,-13.8662,300,42.88,0
357600,-7.2834,300,18.53,0
357900,-10.0214,300,47.172,0
358200,-9.1385,300,24.288,0
358500,-11.1189,300,28.086,0
358800,-30.7905,300,39.286,0
359100,-16.6056,300,56.023,0
359400,-258.5532,300,162.636,57
359700,-6.903,300,20.093,0
360000,-5.862,300,14.489,0
360300,-5.5067,300,13.868,0
360600,-12.1477,300,34.036,0
360900,-15.1074,300,47.114,0
361200,-4.1879,300,12.67,0
361500,-14.6677,300,50.654,0
361800,-10.4387,300,38.534,0
362100,-8.9144,300,39.74,0
362400,-8.4988,300,19.882,0
362700,-4.3448,300,18.523,0
363000,-9.973,300,27.6,0
363300,-7.095,300,16.019,0
363600,-7.7172,300,37.259,0
363900,-12.1489,300,38.662,0
364200,-6.764,300,16.049,0
364500,-5.7784,300,16.335,0
364800,-27.1673,300,59.588,7
365100,-7.2065,300,32.513,0
365400,-8.4443,300,25.208,0
365700,-20.5145,300,56.305,0
366000,-13.9851,300,54.286,0
366300,-3.2687,300,9.558,0
366600,-13.7864,300,50.966,0
366900,-8.8365,300,42.336,0
367200,-5.9098,300,19.45,0
367500,-9.0301,300,40.492,0
367800,-4.7586,300,18.841,0
368100,-8.5464,300,41.338,0
368400,-3.548,300,14.975,0
368700,-8.8057,300,39.73,0
369000,-3.4636,300,11.836,0
369300,-9.7108,300,51.643,0
369600,-13.566,300,52.158,0
369900,-2.9001,300,18.019,0
370200,-8.8465,300,37.674,0
370500,-2.9001,300,12.369,0
370800,-4.3552,300,23.497,0
371100,-12.3155,300,44.967,0
371400,-5.3843,300,26.816,0
371700,-2.0077,300,7.142,0
372000,-5.0332,300,31.992,0
372300,-14.1531,300,48.604,0
372600,-4.1854,300,26.626,0
372900,-4.0455,300,23.053,0
373200,-15.9726,300,53.868,0
373500,-15.0587,300,50.33,0
373800,-7.1179,300,32.616,0
374100,-13.3593,300,44.812,0
374400,-3.0888,300,8.904,0
374700,-7.4753,300,35.507,0
375000,-8.9127,300,37.263,0
375300,-11.7399,300,45.711,0
375600,-5.6044,300,32.274,0
375900,-4.094,300,17.728,0
376200,-6.5041,300,32.44,0
376500,-4.9199,300,23.504,0
376800,-6.4222,300,37.235,0
377100,-14.359,300,47.005,0
377400,-9.054,300,44.458,0
377700,-2.408,300,11.882,0
378000,-6.9601,300,31.988,0
378300,-10.8808,300,42.341,0
378600,-4.0429,300,15.527,0
378900,-3.9976,300,17.639,0
379200,-10.4315,300,42.496,0
379500,-4.3335,300,20.131,0
379800,-4.3514,300,15.036,0
380100,-4.5785,300,13.938,0
380400,-3.347,300,9.55,0
380700,-4.5767,300,23.905,0
381000,-8.0598,300,37.118,0
381300,-6.7006,300,34.41,0
381600,-4.8805,300,22.625,0
381900,-7.8435,300,31.288,0
382200,-26.2639,300,65.917,12
382500,-7.6632,300,38.478,0
382800,-7.6858,300,36.85,0
383100,-10.3811,300,48.369,0
383400,-8.0261,300,36.072,0
383700,-4.951,300,28.618,0
384000,-7.0895,300,42.384,0
384300,-3.1057,300,15.708,0
384600,-4.2371,300,25.579,0
384900,-6.6471,300,41.277,0
385200,-7.7822,300,46.875,0
385500,-8.7588,300,50.373,0
385800,-8.6923,300,48.942,0
386100,-2.3066,300,13.134,0
386400,-22.9369,300,59.937,9
386700,-2.4818,300,14.375,0
387000,-3.37,300,18.132,0
387300,-1.8116,300,5.835,0
387600,-5.6616,300,32.595,0
387900,-2.8425,300,10.362,0
388200,-7.9421,300,39.378,0
388500,-2.7806,300,13.787,0
388800,-2.5617,300,8.291,0
389100,-2.0391,300,7.616,0
389400,-3.5849,300,27.853,0
389700,-2.8154,300,16.558,0
390000,-8.102,300,35.945,0
390300,-3.5941,300,18.316,0
390600,-2.7153,300,11.197,0
390900,-2.0534,300,7.019,0
391200,-5.4826,300,32.902,0
391500,-13.645,300,55.619,0
391800,-2.4178,300,17.115,0
392100,-10.4307,300,44.664,0
392400,-6.4168,300,35.555,0
392700,-2.3448,300,10.131,0
393000,-4.2953,300,25.623,0
393300,-2.7672,300,10.673,0
393600,-11.6369,300,54.224,0
393900,-2.2066,300,16.223,0
394200,-2.4656,300,10.511,0
394500,-11.5102,300,48.13,0
394800,-2.5629,300,16.065,0
395100,-8.6657,300,46.312,0
395400,-2.852,300,8.572,0
395700,-4.3914,300,30.687,0
396000,-2.348,300,7.44,0
396300,-3.2268,300,20.957,0
396600,-3.5074,300,19.939,0
396900,-5.2152,300,30.834,0
397200,-4.8356,300,32.356,0
397500,-2.9691,300,9.489,0
397800,-3.4741,300,22.194,0
398100,-2.6708,300,11.398,0
398400,-2.3035,300,16.372,0
398700,-11.0211,300,56.574,0
399000,-4.8062,300,22.702,0
399300,-30.3104,300,66.668,16
399600,-1.9279,300,6.482,0
399900,-14.9785,300,51.373,0
400200,-4.582,300,26.898,0
400500,-4.6506,300,27.285,0
400800,-4.8649,300,30.902,0
401100,-3.671,300,26.141,0
401400,-4.5256,300,28.733,0
401700,-2.2433,300,6.757,0
402000,-12.3212,300,56.806,0
402300,-4.6449,300,30.023,0
402600,-1.7717,300,5.675,0
402900,-2.5418,300,16.157,0
403200,-4.142,300,31.239,0
403500,-4.8625,300,33.337,0
403800,-9.6225,300,52.013,0
404100,-2.9376,300,17.4,0
404400,-8.6239,300,51.69,0
404700,-3.5119,300,24.079,0
405000,-2.6152,300,22.335,0
405300,-10.4206,300,56.864,0
405600,-4.7695,300,26.971,0
405900,-1.8787,300,9.001,0
406200,-2.5351,300,15.603,0
406500,-2.5839,300,7.896,0
406800,-4.3107,300,32.132,0
407100,-9.5176,300,54.482,0
407400,-3.5526,300,19.154,0
407700,-3.7096,300,21.504,0
408000,-10.5398,300,52.578,0
408300,-10.202,300,55.399,0
408600,-8.8379,300,40.122,0
408900,-7.1856,300,38.484,0
409200,-1.7285,300,7.198,0
409500,-3.9084,300,28.844,0
409800,-11.5422,300,56.327,0
410100,-4.221,300,32.096,0
410400,-9.1213,300,53.536,0
410700,-2.3295,300,9.593,0
411000,-6.3054,300,36.953,0
411300,-8.0562,300,44.248,0
411600,-1.7359,300,10.692,0
411900,-2.3865,300,8.645,0
412200,-4.0141,300,22.479,0
412500,-2.6387,300,19.381,0
412800,-4.2283,300,31.285,0
413100,-1.9034,300,8.917,0
413400,-9.9516,300,47.032,0
413700,-2.3075,300,13.848,0
414000,-7.7498,300,39.221,0
414300,-3.6592,300,30.285,0
414600,-2.9973,300,19.783,0
414900,-10.8415,300,52.548,0
415200,-4.2416,300,31.73,0
415500,-9.2837,300,47.958,0
415800,-1.6849,300,7.6,0
416100,-15.2111,300,56.651,0
416400,-5.6809,300,35.106,0
416700,-6.1531,300,38.564,0
417000,-4.8047,300,36.591,0
417300,-2.0017,300,9.037,0
417600,-6.1244,300,43.892,0
417900,-6.1347,300,34.228,0
418200,-3.0032,300,21.242,0
418500,-5.6719,300,35.487,0
418800,-2.5151,300,20.212,0
419100,-4.2588,300,31.245,0
419400,-3.6489,300,31.895,0
419700,-2.8621,300,24.423,0
420000,-1.8428,300,6.735,0
420300,-1.8122,300,7.214,0
420600,-3.8116,300,30.663,0
420900,-5.8895,300,43.055,0
421200,-6.6176,300,46.505,0
421500,-9.6722,300,47.255,0
421800,-2.0358,300,9.665,0
422100,-2.9367,300,20.689,0
422400,-8.8042,300,45.822,0
422700,-1.5703,300,4.334,0
423000,-11.0173,300,52.601,0
423300,-4.6572,300,30.177,0
423600,-7.0389,300,47.847,0
423900,-2.6811,300,16.82,0
424200,-10.1226,300,46.174,0
424500,-5.9188,300,38.129,0
424800,-2.9847,300,25.502,0
425100,-1.9504,300,18.904,0
425400,-7.9747,300,42.292,0
425700,-6.1271,300,39.025,0
426000,-1.885,300,12.533,0
426300,-5.2432,300,35.088,0
426600,-2.0059,300,6.3,0
426900,-2.7754,300,20.594,0
427200,-2.6926,300,18.875,0
427500,-12.2862,300,57.086,0
427800,-5.2505,300,33.351,0
428100,-2.7319,300,19.203,0
428400,-1.6382,300,6.775,0
428700,-4.4271,300,34.406,0
429000,-2.0135,300,8.022,0
429300,-1.4166,300,5.621,0
429600,-8.38,300,41.761,0
429900,-1.9505,300,16.045,0
430200,-2.9964,300,25.313,0
430500,-9.2009,300,46.822,0
430800,-1.7047,300,5.701,0
431100,-2.0219,300,16.473,0
431400,-1.6701,300,5.318,0
431700,-1.4134,300,6.297,0
432000,-1.407,300,4.596,0
432300,-5.9377,300,41.166,0
432600,-1.7627,300,7.227,0
432900,-4.4102,300,35.342,0
433200,-3.2343,300,26.94,0
433500,-9.5229,300,50.115,0
433800,-8.6601,300,51.913,0
434100,-3.8742,300,33.255,0
434400,-1.6343,300,6.101,0
434700,-1.8316,300,5.627,0
435000,-3.1748,300,23.96,0
435300,-1.8591,300,14.671,0
435600,-1.6074,300,9.172,0
435900,-4.974,300,37.974,0
436200,-5.5666,300,39.782,0
436500,-1.2636,300,4.325,0
436800,-7.3933,300,38.548,0
437100,-5.616,300,39.146,0
437400,-1.5792,300,5.704,0
437700,-2.6326,300,20.175,0
438000,-1.9851,300,5.863,0
438300,-2.4651,300,14.988,0
438600,-7.9649,300,45.812,0
438900,-2.7712,300,20.645,0
439200,-11.6447,300,53.564,0
439500,-2.1743,300,19.641,0
439800,-8.6795,300,48.901,0
440100,-2.0077,300,12.516,0
440400,-3.4373,300,26.633,0
440700,-2.8324,300,11.513,0
441000,-3.5641,300,21.932,0
441300,-3.3126,300,21.879,0
441600,-3.3953,300,27.493,0
441900,-4.4602,300,30.028,0
442200,-6.7702,300,44.738,0
442500,-2.1368,300,7.025,0
442800,-1.5612,300,5.442,0
443100,-8.1698,300,50.802,0
443400,-2.0988,300,11.189,0
443700,-3.2592,300,19.521,0
444000,-5.4148,300,36.097,0
444300,-1.9544,300,7.351,0
444600,-1.9075,300,5.97,0
444900,-4.6364,300,29.833,0
445200,-2.1877,300,8.017,0
445500,-7.0874,300,45.802,0
445800,-7.1659,300,45.217,0
446100,-9.2398,300,46.219,0
446400,-2.7184,300,20.802,0
446700,-2.078,300,12.5,0
447000,-2.0156,300,5.842,0
447300,-5.4764,300,38.545,0
447600,-1.3766,300,5.767,0
447900,-2.2134,300,15.923,0
448200,-3.453,300,20.872,0
448500,-12.1156,300,53.308,0
448800,-7.2874,300,44.361,0
449100,-1.9688,300,6.484,0
449400,-5.6938,300,38.504,0
449700,-5.661,300,34.34,0
450000,-1.7858,300,7.473,0
450300,-6.6245,300,43.315,0
450600,-5.6748,300,38.483,0
450900,-14.3269,300,54.88,0
451200,-4.5299,300,34.313,0
451500,-1.9723,300,9.895,0
451800,-15.3498,300,56.195,0
452100,-6.8032,300,39.715,0
452400,-1.9345,300,7.08,0
452700,-1.878,300,13.692,0
453000,-3.4095,300,24.228,0
453300,-8.6,300,48.295,0
453600,-2.156,300,9.372,0
453900,-8.3332,300,48.312,0
454200,-1.7172,300,8.016,0
454500,-12.5476,300,56.759,0
454800,-2.8257,300,15.793,0
455100,-2.3585,300,17.848,0
455400,-2.2738,300,10.606,0
455700,-4.696,300,29.661,0
456000,-2.3547,300,9.954,0
456300,-9.8726,300,51.514,0
456600,-1.9432,300,6.702,0
456900,-7.018,300,39.054,0
457200,-2.6198,300,15.277,0
457500,-2.3714,300,6.597,0
457800,-9.4047,300,55.895,0
458100,-6.8382,300,37.161,0
458400,-2.1285,300,7.446,0
458700,-10.22,300,54.165,0
459000,-4.4002,300,30.823,0
459300,-2.7419,300,24.867,0
459600,-6.6462,300,40.089,0
459900,-2.9628,300,21.506,0
460200,-2.2428,300,7.553,0
460500,-14.3649,300,56.883,0
460800,-4.0579,300,29.047,0
461100,-3.5458,300,26.471,0
461400,-10.1791,300,54.906,0
461700,-3.2884,300,21.437,0
462000,-1.9755,300,7.673,0
462300,-2.4176,300,21.283,0
462600,-2.5242,300,17.872,0
462900,-6.3049,300,43.029,0
463200,-6.5581,300,43.673,0
463500,-3.5248,300,28.663,0
463800,-3.6936,300,26.265,0
464100,-5.5918,300,40.343,0
464400,-1.8128,300,6.322,0
464700,-2.0691,300,12.175,0
465000,-1.673,300,6.426,0
465300,-2.7936,300,19.497,0
465600,-6.7176,300,47.448,0
465900,-6.2006,300,38.335,0
466200,-9.9609,300,57.263,1
466500,-3.573,300,29.525,0
466800,-3.7379,300,26.968,0
467100,-3.9513,300,27.541,0
467400,-1.5212,300,5.91,0
467700,-5.3812,300,34.439,0
468000,-1.9234,300,9.873,0
468300,-2.4961,300,21.794,0
468600,-3.0582,300,25.397,0
468900,-4.831,300,38.17,0
469200,-8.6096,300,53.365,0
469500,-6.0158,300,43.434,0
469800,-11.504,300,51.728,0
470100,-5.5633,300,39.099,0
470400,-2.3883,300,18.328,0
470700,-1.2243,300,4.466,0
471000,-8.2684,300,45.496,0
471300,-2.2637,300,18.597,0
471600,-13.7107,300,57.773,4
471900,-2.687,300,16.913,0
472200,-4.4186,300,33.123,0
472500,-3.3185,300,22.504,0
472800,-3.7303,300,31.202,0
473100,-6.9305,300,46.675,0
473400,-2.5988,300,22.245,0
473700,-6.7287,300,44.373,0
474000,-6.7132,300,48.919,0
474300,-9.2854,300,56.134,0
474600,-10.6885,300,54.224,0
474900,-3.2566,300,28.244,0
475200,-4.8774,300,36.348,0
475500,-8.0911,300,45.09,0
475800,-5.2566,300,36.097,0
476100,-6.2527,300,45.564,0
476400,-2.3838,300,18.507,0
476700,-1.2352,300,5.598,0
477000,-14.5187,300,56.535,0
477300,-2.0513,300,18.648,0
477600,-3.7211,300,25.302,0
477900,-1.2542,300,4.009,0
478200,-1.7691,300,4.943,0
478500,-3.9521,300,29.351,0
478800,-2.551,300,18.149,0
479100,-8.9847,300,54.275,0
479400,-4.6631,300,36.227,0
479700,-4.7387,300,38.287,0
480000,-5.8707,300,35.96,0
480300,-5.0669,300,38.602,0
480600,-6.1998,300,44.566,0
480900,-6.6565,300,47.346,0
481200,-2.9327,300,25.965,0
481500,-7.8995,300,42.37,0
481800,-1.3609,300,4.758,0
482100,-7.6952,300,45.293,0
482400,-1.7624,300,14.418,0
482700,-1.9533,300,15.243,0
483000,-5.401,300,41.77,0
483300,-5.0135,300,35.196,0
483600,-1.8592,300,13.069,0
483900,-1.5405,300,6.777,0
484200,-3.8991,300,29.69,0
484500,-4.3808,300,34.592,0
484800,-1.5045,300,6.506,0
485100,-4.0512,300,29.644,0
485400,-12.8303,300,57.196,1
485700,-5.7715,300,42.894,0
486000,-2.2498,300,15.771,0
486300,-2.1141,300,17.19,0
486600,-7.292,300,51.154,0
486900,-1.6473,300,5.678,0
487200,-1.8696,300,11.827,0
487500,-2.5963,300,19.924,0
487800,-2.4197,300,22.784,0
488100,-3.6013,300,25.245,0
488400,-1.3279,300,6.338,0
488700,-1.2403,300,6.176,0
489000,-6.1597,300,43.506,0
489300,-3.8737,300,28.413,0
489600,-1.9746,300,17.357,0
489900,-4.239,300,33.754,0
490200,-1.6961,300,9.272,0
490500,-6.4444,300,41.365,0
490800,-1.6197,300,8.996,0
491100,-1.8243,300,9.777,0
491400,-2.9146,300,21.314,0
491700,-4.3727,300,34.47,0
492000,-3.3238,300,29.61,0
492300,-2.4045,300,18.17,0
492600,-4.7247,300,34.821,0
492900,-8.4932,300,55.532,0
493200,-6.1152,300,44.843,0
493500,-2.0988,300,15.585,0
493800,-6.3097,300,45.712,0
494100,-2.3351,300,17.89,0
494400,-12.1556,300,56.781,0
494700,-3.1673,300,24.855,0
495000,-7.3855,300,42.564,0
495300,-3.4404,300,26.589,0
495600,-4.7471,300,32.327,0
495900,-5.6468,300,40.413,0
496200,-3.1569,300,27.363,0
496500,-7.585,300,44.382,0
496800,-4.4553,300,35.074,0
497100,-1.5962,300,10.313,0
497400,-4.5847,300,37.09,0
497700,-10.987,300,56.259,0
498000,-3.6222,300,28.717,0
